nom_client,scenarios,nom_produit,effort_mensuel,total_versement,montant_net_final,atteint_objectif,taux_interet,fiscalite,duree_min,versement_max
Alice,37.62,Assurance Vie – UC Risque faible,395.0,170640.0,313726.93,True,0.035,0.172,8,200000.0
Alice,25.0,Assurance Vie – UC Risque faible,262.5,113400.0,208489.41,True,0.035,0.172,8,200000.0
Alice,50.0,Assurance Vie – UC Risque faible,525.0,226800.0,416978.83,True,0.035,0.172,8,200000.0
Alice,75.0,Assurance Vie – UC Risque faible,787.5,340200.0,625468.24,True,0.035,0.172,8,200000.0
Alice,100.0,Assurance Vie – UC Risque faible,1050.0,453600.0,833957.66,True,0.035,0.172,8,200000.0
Alice,37.62,Assurance Vie – UC Risque modéré,395.0,170640.0,382737.14,True,0.045,0.172,8,200000.0
Alice,25.0,Assurance Vie – UC Risque modéré,262.5,113400.0,254350.63,True,0.045,0.172,8,200000.0
Alice,50.0,Assurance Vie – UC Risque modéré,525.0,226800.0,508701.27,True,0.045,0.172,8,200000.0
Alice,75.0,Assurance Vie – UC Risque modéré,787.5,340200.0,763051.9,True,0.045,0.172,8,200000.0
Alice,100.0,Assurance Vie – UC Risque modéré,1050.0,453600.0,1017402.54,True,0.045,0.172,8,200000.0
Alice,37.62,SCPI Iroko Zen,395.0,170640.0,592469.62,True,0.071,0.3,5,
Alice,25.0,SCPI Iroko Zen,262.5,113400.0,393729.81,True,0.071,0.3,5,
Alice,50.0,SCPI Iroko Zen,525.0,226800.0,787459.62,True,0.071,0.3,5,
Alice,75.0,SCPI Iroko Zen,787.5,340200.0,1181189.43,True,0.071,0.3,5,
Alice,100.0,SCPI Iroko Zen,1050.0,453600.0,1574919.24,True,0.071,0.3,5,
Alice,37.62,SCPI Sofidynamic,395.0,170640.0,1016350.2,True,0.095,0.3,5,
Alice,25.0,SCPI Sofidynamic,262.5,113400.0,675422.6,True,0.095,0.3,5,
Alice,50.0,SCPI Sofidynamic,525.0,226800.0,1350845.2,True,0.095,0.3,5,
Alice,75.0,SCPI Sofidynamic,787.5,340200.0,2026267.81,True,0.095,0.3,5,
Alice,100.0,SCPI Sofidynamic,1050.0,453600.0,2701690.41,True,0.095,0.3,5,
Bob,39.88,PEA – profil prudent,545.0,39240.0,44758.83,False,0.045,0.172,5,150000.0
Bob,25.0,PEA – profil prudent,341.67,24600.0,28059.82,False,0.045,0.172,5,150000.0
Bob,50.0,PEA – profil prudent,683.33,49200.0,56119.63,False,0.045,0.172,5,150000.0
Bob,75.0,PEA – profil prudent,1025.0,73800.0,84179.45,False,0.045,0.172,5,150000.0
Bob,100.0,PEA – profil prudent,1366.67,98400.0,112239.27,True,0.045,0.172,5,150000.0
Bob,39.88,PEA – profil équilibré,545.0,39240.0,46787.8,False,0.06,0.172,5,150000.0
Bob,25.0,PEA – profil équilibré,341.67,24600.0,29331.8,False,0.06,0.172,5,150000.0
Bob,50.0,PEA – profil équilibré,683.33,49200.0,58663.6,False,0.06,0.172,5,150000.0
Bob,75.0,PEA – profil équilibré,1025.0,73800.0,87995.4,False,0.06,0.172,5,150000.0
Bob,100.0,PEA – profil équilibré,1366.67,98400.0,117327.2,True,0.06,0.172,5,150000.0
Bob,39.88,PEA – profil dynamique,545.0,39240.0,49652.21,False,0.08,0.172,5,150000.0
Bob,25.0,PEA – profil dynamique,341.67,24600.0,31127.53,False,0.08,0.172,5,150000.0
Bob,50.0,PEA – profil dynamique,683.33,49200.0,62255.07,False,0.08,0.172,5,150000.0
Bob,75.0,PEA – profil dynamique,1025.0,73800.0,93382.6,False,0.08,0.172,5,150000.0
Bob,100.0,PEA – profil dynamique,1366.67,98400.0,124510.13,True,0.08,0.172,5,150000.0
Bob,39.88,SCPI Iroko Zen,545.0,39240.0,46933.37,False,0.071,0.3,5,
Bob,25.0,SCPI Iroko Zen,341.67,24600.0,29423.06,False,0.071,0.3,5,
Bob,50.0,SCPI Iroko Zen,683.33,49200.0,58846.12,False,0.071,0.3,5,
Bob,75.0,SCPI Iroko Zen,1025.0,73800.0,88269.18,False,0.071,0.3,5,
Bob,100.0,SCPI Iroko Zen,1366.67,98400.0,117692.24,True,0.071,0.3,5,
Bob,39.88,SCPI Sofidynamic,545.0,39240.0,49964.64,False,0.095,0.3,5,
Bob,25.0,SCPI Sofidynamic,341.67,24600.0,31323.4,False,0.095,0.3,5,
Bob,50.0,SCPI Sofidynamic,683.33,49200.0,62646.8,False,0.095,0.3,5,
Bob,75.0,SCPI Sofidynamic,1025.0,73800.0,93970.2,False,0.095,0.3,5,
Bob,100.0,SCPI Sofidynamic,1366.67,98400.0,125293.6,True,0.095,0.3,5,
Claire,93.17,PEA – profil prudent,823.0,59256.0,67589.94,False,0.045,0.172,5,150000.0
Claire,25.0,PEA – profil prudent,220.83,15900.0,18136.22,False,0.045,0.172,5,150000.0
Claire,50.0,PEA – profil prudent,441.67,31800.0,36272.45,False,0.045,0.172,5,150000.0
Claire,75.0,PEA – profil prudent,662.5,47700.0,54408.67,False,0.045,0.172,5,150000.0
Claire,100.0,PEA – profil prudent,883.33,63600.0,72544.89,False,0.045,0.172,5,150000.0
Claire,93.17,PEA – profil équilibré,823.0,59256.0,70653.87,False,0.06,0.172,5,150000.0
Claire,25.0,PEA – profil équilibré,220.83,15900.0,18958.36,False,0.06,0.172,5,150000.0
Claire,50.0,PEA – profil équilibré,441.67,31800.0,37916.72,False,0.06,0.172,5,150000.0
Claire,75.0,PEA – profil équilibré,662.5,47700.0,56875.08,False,0.06,0.172,5,150000.0
Claire,100.0,PEA – profil équilibré,883.33,63600.0,75833.43,False,0.06,0.172,5,150000.0
Claire,93.17,PEA – profil dynamique,823.0,59256.0,74979.39,False,0.08,0.172,5,150000.0
Claire,25.0,PEA – profil dynamique,220.83,15900.0,20119.02,False,0.08,0.172,5,150000.0
Claire,50.0,PEA – profil dynamique,441.67,31800.0,40238.03,False,0.08,0.172,5,150000.0
Claire,75.0,PEA – profil dynamique,662.5,47700.0,60357.05,False,0.08,0.172,5,150000.0
Claire,100.0,PEA – profil dynamique,883.33,63600.0,80476.06,False,0.08,0.172,5,150000.0
Claire,93.17,SCPI Iroko Zen,823.0,59256.0,70873.69,False,0.071,0.3,5,
Claire,25.0,SCPI Iroko Zen,220.83,15900.0,19017.34,False,0.071,0.3,5,
Claire,50.0,SCPI Iroko Zen,441.67,31800.0,38034.69,False,0.071,0.3,5,
Claire,75.0,SCPI Iroko Zen,662.5,47700.0,57052.03,False,0.071,0.3,5,
Claire,100.0,SCPI Iroko Zen,883.33,63600.0,76069.37,False,0.071,0.3,5,
Claire,93.17,SCPI Sofidynamic,823.0,59256.0,75451.2,False,0.095,0.3,5,
Claire,25.0,SCPI Sofidynamic,220.83,15900.0,20245.61,False,0.095,0.3,5,
Claire,50.0,SCPI Sofidynamic,441.67,31800.0,40491.23,False,0.095,0.3,5,
Claire,75.0,SCPI Sofidynamic,662.5,47700.0,60736.84,False,0.095,0.3,5,
Claire,100.0,SCPI Sofidynamic,883.33,63600.0,80982.45,False,0.095,0.3,5,
David,47.89,SCPI Iroko Zen,838.0,402240.0,1665056.53,True,0.071,0.3,5,
David,25.0,SCPI Iroko Zen,437.5,210000.0,869286.67,True,0.071,0.3,5,
David,50.0,SCPI Iroko Zen,875.0,420000.0,1738573.34,True,0.071,0.3,5,
David,75.0,SCPI Iroko Zen,1312.5,630000.0,2607860.01,True,0.071,0.3,5,
David,100.0,SCPI Iroko Zen,1750.0,840000.0,3477146.68,True,0.071,0.3,5,
David,47.89,SCPI Sofidynamic,838.0,402240.0,3099938.72,True,0.095,0.3,5,
David,25.0,SCPI Sofidynamic,437.5,210000.0,1618404.76,True,0.095,0.3,5,
David,50.0,SCPI Sofidynamic,875.0,420000.0,3236809.53,True,0.095,0.3,5,
David,75.0,SCPI Sofidynamic,1312.5,630000.0,4855214.29,True,0.095,0.3,5,
David,100.0,SCPI Sofidynamic,1750.0,840000.0,6473619.05,True,0.095,0.3,5,
Emma,66.61,Assurance Vie – UC Risque faible,1310.0,251520.0,325777.4,True,0.035,0.172,8,200000.0
Emma,25.0,Assurance Vie – UC Risque faible,491.67,94400.0,122270.14,False,0.035,0.172,8,200000.0
Emma,50.0,Assurance Vie – UC Risque faible,983.33,188800.0,244540.29,True,0.035,0.172,8,200000.0
Emma,75.0,Assurance Vie – UC Risque faible,1475.0,283200.0,366810.43,True,0.035,0.172,8,200000.0
Emma,100.0,Assurance Vie – UC Risque faible,1966.67,377600.0,489080.57,True,0.035,0.172,8,200000.0
Emma,66.61,Assurance Vie – UC Risque modéré,1310.0,251520.0,352287.3,True,0.045,0.172,8,200000.0
Emma,25.0,Assurance Vie – UC Risque modéré,491.67,94400.0,132219.79,False,0.045,0.172,8,200000.0
Emma,50.0,Assurance Vie – UC Risque modéré,983.33,188800.0,264439.57,True,0.045,0.172,8,200000.0
Emma,75.0,Assurance Vie – UC Risque modéré,1475.0,283200.0,396659.36,True,0.045,0.172,8,200000.0
Emma,100.0,Assurance Vie – UC Risque modéré,1966.67,377600.0,528879.15,True,0.045,0.172,8,200000.0
Emma,66.61,SCPI Iroko Zen,1310.0,251520.0,406874.62,True,0.071,0.3,5,
Emma,25.0,SCPI Iroko Zen,491.67,94400.0,152707.4,False,0.071,0.3,5,
Emma,50.0,SCPI Iroko Zen,983.33,188800.0,305414.79,True,0.071,0.3,5,
Emma,75.0,SCPI Iroko Zen,1475.0,283200.0,458122.19,True,0.071,0.3,5,
Emma,100.0,SCPI Iroko Zen,1966.67,377600.0,610829.59,True,0.071,0.3,5,
Emma,66.61,SCPI Sofidynamic,1310.0,251520.0,490455.36,True,0.095,0.3,5,
Emma,25.0,SCPI Sofidynamic,491.67,94400.0,184076.76,False,0.095,0.3,5,
Emma,50.0,SCPI Sofidynamic,983.33,188800.0,368153.51,True,0.095,0.3,5,
Emma,75.0,SCPI Sofidynamic,1475.0,283200.0,552230.27,True,0.095,0.3,5,
Emma,100.0,SCPI Sofidynamic,1966.67,377600.0,736307.02,True,0.095,0.3,5,
Fabrice,188.08,Livret A,815.0,224940.0,302710.18,True,0.024,0.0,0,22950.0
Fabrice,25.0,Livret A,108.33,29900.0,40237.55,True,0.024,0.0,0,22950.0
Fabrice,50.0,Livret A,216.67,59800.0,80475.1,True,0.024,0.0,0,22950.0
Fabrice,75.0,Livret A,325.0,89700.0,120712.65,True,0.024,0.0,0,22950.0
Fabrice,100.0,Livret A,433.33,119600.0,160950.2,True,0.024,0.0,0,22950.0
Fabrice,188.08,PEL (2025),815.0,224940.0,262668.42,True,0.0175,0.3,4,61200.0
Fabrice,25.0,PEL (2025),108.33,29900.0,34915.02,True,0.0175,0.3,4,61200.0
Fabrice,50.0,PEL (2025),216.67,59800.0,69830.05,True,0.0175,0.3,4,61200.0
Fabrice,75.0,PEL (2025),325.0,89700.0,104745.07,True,0.0175,0.3,4,61200.0
Fabrice,100.0,PEL (2025),433.33,119600.0,139660.1,True,0.0175,0.3,4,61200.0
Fabrice,188.08,Assurance Vie – euros,815.0,224940.0,292549.17,True,0.025,0.172,8,150000.0
Fabrice,25.0,Assurance Vie – euros,108.33,29900.0,38886.9,True,0.025,0.172,8,150000.0
Fabrice,50.0,Assurance Vie – euros,216.67,59800.0,77773.81,True,0.025,0.172,8,150000.0
Fabrice,75.0,Assurance Vie – euros,325.0,89700.0,116660.71,True,0.025,0.172,8,150000.0
Fabrice,100.0,Assurance Vie – euros,433.33,119600.0,155547.62,True,0.025,0.172,8,150000.0
Fabrice,188.08,Assurance Vie – UC Risque faible,815.0,224940.0,327511.52,True,0.035,0.172,8,200000.0
Fabrice,25.0,Assurance Vie – UC Risque faible,108.33,29900.0,43534.25,True,0.035,0.172,8,200000.0
Fabrice,50.0,Assurance Vie – UC Risque faible,216.67,59800.0,87068.5,True,0.035,0.172,8,200000.0
Fabrice,75.0,Assurance Vie – UC Risque faible,325.0,89700.0,130602.75,True,0.035,0.172,8,200000.0
Fabrice,100.0,Assurance Vie – UC Risque faible,433.33,119600.0,174137.0,True,0.035,0.172,8,200000.0
Fabrice,188.08,Assurance Vie – UC Risque modéré,815.0,224940.0,368184.28,True,0.045,0.172,8,200000.0
Fabrice,25.0,Assurance Vie – UC Risque modéré,108.33,29900.0,48940.65,True,0.045,0.172,8,200000.0
Fabrice,50.0,Assurance Vie – UC Risque modéré,216.67,59800.0,97881.3,True,0.045,0.172,8,200000.0
Fabrice,75.0,Assurance Vie – UC Risque modéré,325.0,89700.0,146821.95,True,0.045,0.172,8,200000.0
Fabrice,100.0,Assurance Vie – UC Risque modéré,433.33,119600.0,195762.6,True,0.045,0.172,8,200000.0
Fabrice,188.08,PEA – profil prudent,815.0,224940.0,368184.28,True,0.045,0.172,5,150000.0
Fabrice,25.0,PEA – profil prudent,108.33,29900.0,48940.65,True,0.045,0.172,5,150000.0
Fabrice,50.0,PEA – profil prudent,216.67,59800.0,97881.3,True,0.045,0.172,5,150000.0
Fabrice,75.0,PEA – profil prudent,325.0,89700.0,146821.95,True,0.045,0.172,5,150000.0
Fabrice,100.0,PEA – profil prudent,433.33,119600.0,195762.6,True,0.045,0.172,5,150000.0
Fabrice,188.08,PEA – profil équilibré,815.0,224940.0,442088.25,True,0.06,0.172,5,150000.0
Fabrice,25.0,PEA – profil équilibré,108.33,29900.0,58764.29,True,0.06,0.172,5,150000.0
Fabrice,50.0,PEA – profil équilibré,216.67,59800.0,117528.57,True,0.06,0.172,5,150000.0
Fabrice,75.0,PEA – profil équilibré,325.0,89700.0,176292.86,True,0.06,0.172,5,150000.0
Fabrice,100.0,PEA – profil équilibré,433.33,119600.0,235057.15,True,0.06,0.172,5,150000.0
Fabrice,188.08,PEA – profil dynamique,815.0,224940.0,571242.18,True,0.08,0.172,5,150000.0
Fabrice,25.0,PEA – profil dynamique,108.33,29900.0,75931.99,True,0.08,0.172,5,150000.0
Fabrice,50.0,PEA – profil dynamique,216.67,59800.0,151863.97,True,0.08,0.172,5,150000.0
Fabrice,75.0,PEA – profil dynamique,325.0,89700.0,227795.96,True,0.08,0.172,5,150000.0
Fabrice,100.0,PEA – profil dynamique,433.33,119600.0,303727.95,True,0.08,0.172,5,150000.0
Fabrice,188.08,SCPI Iroko Zen,815.0,224940.0,464392.92,True,0.071,0.3,5,
Fabrice,25.0,SCPI Iroko Zen,108.33,29900.0,61729.12,True,0.071,0.3,5,
Fabrice,50.0,SCPI Iroko Zen,216.67,59800.0,123458.24,True,0.071,0.3,5,
Fabrice,75.0,SCPI Iroko Zen,325.0,89700.0,185187.36,True,0.071,0.3,5,
Fabrice,100.0,SCPI Iroko Zen,433.33,119600.0,246916.48,True,0.071,0.3,5,
Fabrice,188.08,SCPI Sofidynamic,815.0,224940.0,624858.52,True,0.095,0.3,5,
Fabrice,25.0,SCPI Sofidynamic,108.33,29900.0,83058.9,True,0.095,0.3,5,
Fabrice,50.0,SCPI Sofidynamic,216.67,59800.0,166117.81,True,0.095,0.3,5,
Fabrice,75.0,SCPI Sofidynamic,325.0,89700.0,249176.71,True,0.095,0.3,5,
Fabrice,100.0,SCPI Sofidynamic,433.33,119600.0,332235.62,True,0.095,0.3,5,
Gina,44.26,Assurance Vie – euros,804.0,308736.0,447369.47,True,0.025,0.172,8,150000.0
Gina,25.0,Assurance Vie – euros,454.17,174400.0,252711.82,True,0.025,0.172,8,150000.0
Gina,50.0,Assurance Vie – euros,908.33,348800.0,505423.63,True,0.025,0.172,8,150000.0
Gina,75.0,Assurance Vie – euros,1362.5,523200.0,758135.45,True,0.025,0.172,8,150000.0
Gina,100.0,Assurance Vie – euros,1816.67,697600.0,1010847.26,True,0.025,0.172,8,150000.0
Gina,44.26,Assurance Vie – UC Risque faible,804.0,308736.0,527152.46,True,0.035,0.172,8,200000.0
Gina,25.0,Assurance Vie – UC Risque faible,454.17,174400.0,297779.94,True,0.035,0.172,8,200000.0
Gina,50.0,Assurance Vie – UC Risque faible,908.33,348800.0,595559.89,True,0.035,0.172,8,200000.0
Gina,75.0,Assurance Vie – UC Risque faible,1362.5,523200.0,893339.83,True,0.035,0.172,8,200000.0
Gina,100.0,Assurance Vie – UC Risque faible,1816.67,697600.0,1191119.78,True,0.035,0.172,8,200000.0
Gina,44.26,Assurance Vie – UC Risque modéré,804.0,308736.0,626330.36,True,0.045,0.172,8,200000.0
Gina,25.0,Assurance Vie – UC Risque modéré,454.17,174400.0,353803.95,True,0.045,0.172,8,200000.0
Gina,50.0,Assurance Vie – UC Risque modéré,908.33,348800.0,707607.89,True,0.045,0.172,8,200000.0
Gina,75.0,Assurance Vie – UC Risque modéré,1362.5,523200.0,1061411.84,True,0.045,0.172,8,200000.0
Gina,100.0,Assurance Vie – UC Risque modéré,1816.67,697600.0,1415215.79,True,0.045,0.172,8,200000.0
Gina,44.26,PEA – profil prudent,804.0,308736.0,626330.36,True,0.045,0.172,5,150000.0
Gina,25.0,PEA – profil prudent,454.17,174400.0,353803.95,True,0.045,0.172,5,150000.0
Gina,50.0,PEA – profil prudent,908.33,348800.0,707607.89,True,0.045,0.172,5,150000.0
Gina,75.0,PEA – profil prudent,1362.5,523200.0,1061411.84,True,0.045,0.172,5,150000.0
Gina,100.0,PEA – profil prudent,1816.67,697600.0,1415215.79,True,0.045,0.172,5,150000.0
Gina,44.26,PEA – profil équilibré,804.0,308736.0,822744.2,True,0.06,0.172,5,150000.0
Gina,25.0,PEA – profil équilibré,454.17,174400.0,464754.97,True,0.06,0.172,5,150000.0
Gina,50.0,PEA – profil équilibré,908.33,348800.0,929509.93,True,0.06,0.172,5,150000.0
Gina,75.0,PEA – profil équilibré,1362.5,523200.0,1394264.9,True,0.06,0.172,5,150000.0
Gina,100.0,PEA – profil équilibré,1816.67,697600.0,1859019.86,True,0.06,0.172,5,150000.0
Gina,44.26,PEA – profil dynamique,804.0,308736.0,1211047.0,True,0.08,0.172,5,150000.0
Gina,25.0,PEA – profil dynamique,454.17,174400.0,684100.97,True,0.08,0.172,5,150000.0
Gina,50.0,PEA – profil dynamique,908.33,348800.0,1368201.94,True,0.08,0.172,5,150000.0
Gina,75.0,PEA – profil dynamique,1362.5,523200.0,2052302.91,True,0.08,0.172,5,150000.0
Gina,100.0,PEA – profil dynamique,1816.67,697600.0,2736403.88,True,0.08,0.172,5,150000.0
Gina,44.26,SCPI Iroko Zen,804.0,308736.0,905553.17,True,0.071,0.3,5,
Gina,25.0,SCPI Iroko Zen,454.17,174400.0,511532.42,True,0.071,0.3,5,
Gina,50.0,SCPI Iroko Zen,908.33,348800.0,1023064.83,True,0.071,0.3,5,
Gina,75.0,SCPI Iroko Zen,1362.5,523200.0,1534597.25,True,0.071,0.3,5,
Gina,100.0,SCPI Iroko Zen,1816.67,697600.0,2046129.67,True,0.071,0.3,5,
Gina,44.26,SCPI Sofidynamic,804.0,308736.0,1435395.82,True,0.095,0.3,5,
Gina,25.0,SCPI Sofidynamic,454.17,174400.0,810832.01,True,0.095,0.3,5,
Gina,50.0,SCPI Sofidynamic,908.33,348800.0,1621664.01,True,0.095,0.3,5,
Gina,75.0,SCPI Sofidynamic,1362.5,523200.0,2432496.02,True,0.095,0.3,5,
Gina,100.0,SCPI Sofidynamic,1816.67,697600.0,3243328.03,True,0.095,0.3,5,
Henri,121.53,PEA – profil prudent,1823.0,109380.0,122365.29,True,0.045,0.172,5,150000.0
Henri,25.0,PEA – profil prudent,375.0,22500.0,25171.14,False,0.045,0.172,5,150000.0
Henri,50.0,PEA – profil prudent,750.0,45000.0,50342.28,False,0.045,0.172,5,150000.0
Henri,75.0,PEA – profil prudent,1125.0,67500.0,75513.42,True,0.045,0.172,5,150000.0
Henri,100.0,PEA – profil prudent,1500.0,90000.0,100684.55,True,0.045,0.172,5,150000.0
Henri,121.53,PEA – profil équilibré,1823.0,109380.0,127046.26,True,0.06,0.172,5,150000.0
Henri,25.0,PEA – profil équilibré,375.0,22500.0,26134.04,False,0.06,0.172,5,150000.0
Henri,50.0,PEA – profil équilibré,750.0,45000.0,52268.07,False,0.06,0.172,5,150000.0
Henri,75.0,PEA – profil équilibré,1125.0,67500.0,78402.11,True,0.06,0.172,5,150000.0
Henri,100.0,PEA – profil équilibré,1500.0,90000.0,104536.15,True,0.06,0.172,5,150000.0
Henri,121.53,PEA – profil dynamique,1823.0,109380.0,133578.12,True,0.08,0.172,5,150000.0
Henri,25.0,PEA – profil dynamique,375.0,22500.0,27477.67,False,0.08,0.172,5,150000.0
Henri,50.0,PEA – profil dynamique,750.0,45000.0,54955.34,False,0.08,0.172,5,150000.0
Henri,75.0,PEA – profil dynamique,1125.0,67500.0,82433.01,True,0.08,0.172,5,150000.0
Henri,100.0,PEA – profil dynamique,1500.0,90000.0,109910.69,True,0.08,0.172,5,150000.0
Henri,121.53,SCPI Iroko Zen,1823.0,109380.0,127317.01,True,0.071,0.3,5,
Henri,25.0,SCPI Iroko Zen,375.0,22500.0,26189.73,False,0.071,0.3,5,
Henri,50.0,SCPI Iroko Zen,750.0,45000.0,52379.46,False,0.071,0.3,5,
Henri,75.0,SCPI Iroko Zen,1125.0,67500.0,78569.19,True,0.071,0.3,5,
Henri,100.0,SCPI Iroko Zen,1500.0,90000.0,104758.92,True,0.071,0.3,5,
Henri,121.53,SCPI Sofidynamic,1823.0,109380.0,134169.88,True,0.095,0.3,5,
Henri,25.0,SCPI Sofidynamic,375.0,22500.0,27599.4,False,0.095,0.3,5,
Henri,50.0,SCPI Sofidynamic,750.0,45000.0,55198.8,False,0.095,0.3,5,
Henri,75.0,SCPI Sofidynamic,1125.0,67500.0,82798.2,True,0.095,0.3,5,
Henri,100.0,SCPI Sofidynamic,1500.0,90000.0,110397.6,True,0.095,0.3,5,
Isabelle,103.74,Assurance Vie – euros,657.0,149796.0,185991.26,True,0.025,0.172,8,150000.0
Isabelle,25.0,Assurance Vie – euros,158.33,36100.0,44822.86,False,0.025,0.172,8,150000.0
Isabelle,50.0,Assurance Vie – euros,316.67,72200.0,89645.71,True,0.025,0.172,8,150000.0
Isabelle,75.0,Assurance Vie – euros,475.0,108300.0,134468.57,True,0.025,0.172,8,150000.0
Isabelle,100.0,Assurance Vie – euros,633.33,144400.0,179291.42,True,0.025,0.172,8,150000.0
Isabelle,103.74,Assurance Vie – UC Risque faible,657.0,149796.0,203845.37,True,0.035,0.172,8,200000.0
Isabelle,25.0,Assurance Vie – UC Risque faible,158.33,36100.0,49125.6,False,0.035,0.172,8,200000.0
Isabelle,50.0,Assurance Vie – UC Risque faible,316.67,72200.0,98251.19,True,0.035,0.172,8,200000.0
Isabelle,75.0,Assurance Vie – UC Risque faible,475.0,108300.0,147376.79,True,0.035,0.172,8,200000.0
Isabelle,100.0,Assurance Vie – UC Risque faible,633.33,144400.0,196502.38,True,0.035,0.172,8,200000.0
Isabelle,103.74,Assurance Vie – UC Risque modéré,657.0,149796.0,224028.1,True,0.045,0.172,8,200000.0
Isabelle,25.0,Assurance Vie – UC Risque modéré,158.33,36100.0,53989.52,False,0.045,0.172,8,200000.0
Isabelle,50.0,Assurance Vie – UC Risque modéré,316.67,72200.0,107979.04,True,0.045,0.172,8,200000.0
Isabelle,75.0,Assurance Vie – UC Risque modéré,475.0,108300.0,161968.57,True,0.045,0.172,8,200000.0
Isabelle,100.0,Assurance Vie – UC Risque modéré,633.33,144400.0,215958.09,True,0.045,0.172,8,200000.0
Isabelle,103.74,PEA – profil prudent,657.0,149796.0,224028.1,True,0.045,0.172,5,150000.0
Isabelle,25.0,PEA – profil prudent,158.33,36100.0,53989.52,False,0.045,0.172,5,150000.0
Isabelle,50.0,PEA – profil prudent,316.67,72200.0,107979.04,True,0.045,0.172,5,150000.0
Isabelle,75.0,PEA – profil prudent,475.0,108300.0,161968.57,True,0.045,0.172,5,150000.0
Isabelle,100.0,PEA – profil prudent,633.33,144400.0,215958.09,True,0.045,0.172,5,150000.0
Isabelle,103.74,PEA – profil équilibré,657.0,149796.0,259371.53,True,0.06,0.172,5,150000.0
Isabelle,25.0,PEA – profil équilibré,158.33,36100.0,62507.09,False,0.06,0.172,5,150000.0
Isabelle,50.0,PEA – profil équilibré,316.67,72200.0,125014.18,True,0.06,0.172,5,150000.0
Isabelle,75.0,PEA – profil équilibré,475.0,108300.0,187521.28,True,0.06,0.172,5,150000.0
Isabelle,100.0,PEA – profil équilibré,633.33,144400.0,250028.37,True,0.06,0.172,5,150000.0
Isabelle,103.74,PEA – profil dynamique,657.0,149796.0,317968.87,True,0.08,0.172,5,150000.0
Isabelle,25.0,PEA – profil dynamique,158.33,36100.0,76628.72,True,0.08,0.172,5,150000.0
Isabelle,50.0,PEA – profil dynamique,316.67,72200.0,153257.44,True,0.08,0.172,5,150000.0
Isabelle,75.0,PEA – profil dynamique,475.0,108300.0,229886.17,True,0.08,0.172,5,150000.0
Isabelle,100.0,PEA – profil dynamique,633.33,144400.0,306514.89,True,0.08,0.172,5,150000.0
Isabelle,103.74,SCPI Iroko Zen,657.0,149796.0,268151.78,True,0.071,0.3,5,
Isabelle,25.0,SCPI Iroko Zen,158.33,36100.0,64623.08,False,0.071,0.3,5,
Isabelle,50.0,SCPI Iroko Zen,316.67,72200.0,129246.17,True,0.071,0.3,5,
Isabelle,75.0,SCPI Iroko Zen,475.0,108300.0,193869.25,True,0.071,0.3,5,
Isabelle,100.0,SCPI Iroko Zen,633.33,144400.0,258492.33,True,0.071,0.3,5,
Isabelle,103.74,SCPI Sofidynamic,657.0,149796.0,338109.78,True,0.095,0.3,5,
Isabelle,25.0,SCPI Sofidynamic,158.33,36100.0,81482.57,True,0.095,0.3,5,
Isabelle,50.0,SCPI Sofidynamic,316.67,72200.0,162965.14,True,0.095,0.3,5,
Isabelle,75.0,SCPI Sofidynamic,475.0,108300.0,244447.71,True,0.095,0.3,5,
Isabelle,100.0,SCPI Sofidynamic,633.33,144400.0,325930.28,True,0.095,0.3,5,
Julien,61.15,Assurance Vie – euros,530.0,254400.0,407577.72,True,0.025,0.172,8,150000.0
Julien,25.0,Assurance Vie – euros,216.67,104000.0,166619.82,True,0.025,0.172,8,150000.0
Julien,50.0,Assurance Vie – euros,433.33,208000.0,333239.65,True,0.025,0.172,8,150000.0
Julien,75.0,Assurance Vie – euros,650.0,312000.0,499859.47,True,0.025,0.172,8,150000.0
Julien,100.0,Assurance Vie – euros,866.67,416000.0,666479.29,True,0.025,0.172,8,150000.0
Julien,61.15,Assurance Vie – UC Risque faible,530.0,254400.0,504589.03,True,0.035,0.172,8,200000.0
Julien,25.0,Assurance Vie – UC Risque faible,216.67,104000.0,206278.53,True,0.035,0.172,8,200000.0
Julien,50.0,Assurance Vie – UC Risque faible,433.33,208000.0,412557.06,True,0.035,0.172,8,200000.0
Julien,75.0,Assurance Vie – UC Risque faible,650.0,312000.0,618835.6,True,0.035,0.172,8,200000.0
Julien,100.0,Assurance Vie – UC Risque faible,866.67,416000.0,825114.13,True,0.035,0.172,8,200000.0
Julien,61.15,Assurance Vie – UC Risque modéré,530.0,254400.0,632750.4,True,0.045,0.172,8,200000.0
Julien,25.0,Assurance Vie – UC Risque modéré,216.67,104000.0,258671.55,True,0.045,0.172,8,200000.0
Julien,50.0,Assurance Vie – UC Risque modéré,433.33,208000.0,517343.1,True,0.045,0.172,8,200000.0
Julien,75.0,Assurance Vie – UC Risque modéré,650.0,312000.0,776014.65,True,0.045,0.172,8,200000.0
Julien,100.0,Assurance Vie – UC Risque modéré,866.67,416000.0,1034686.2,True,0.045,0.172,8,200000.0
Julien,61.15,PEA – profil prudent,530.0,254400.0,632750.4,True,0.045,0.172,5,150000.0
Julien,25.0,PEA – profil prudent,216.67,104000.0,258671.55,True,0.045,0.172,5,150000.0
Julien,50.0,PEA – profil prudent,433.33,208000.0,517343.1,True,0.045,0.172,5,150000.0
Julien,75.0,PEA – profil prudent,650.0,312000.0,776014.65,True,0.045,0.172,5,150000.0
Julien,100.0,PEA – profil prudent,866.67,416000.0,1034686.2,True,0.045,0.172,5,150000.0
Julien,61.15,PEA – profil équilibré,530.0,254400.0,907645.03,True,0.06,0.172,5,150000.0
Julien,25.0,PEA – profil équilibré,216.67,104000.0,371049.85,True,0.06,0.172,5,150000.0
Julien,50.0,PEA – profil équilibré,433.33,208000.0,742099.71,True,0.06,0.172,5,150000.0
Julien,75.0,PEA – profil équilibré,650.0,312000.0,1113149.56,True,0.06,0.172,5,150000.0
Julien,100.0,PEA – profil équilibré,866.67,416000.0,1484199.41,True,0.06,0.172,5,150000.0
Julien,61.15,PEA – profil dynamique,530.0,254400.0,1517106.14,True,0.08,0.172,5,150000.0
Julien,25.0,PEA – profil dynamique,216.67,104000.0,620200.62,True,0.08,0.172,5,150000.0
Julien,50.0,PEA – profil dynamique,433.33,208000.0,1240401.25,True,0.08,0.172,5,150000.0
Julien,75.0,PEA – profil dynamique,650.0,312000.0,1860601.87,True,0.08,0.172,5,150000.0
Julien,100.0,PEA – profil dynamique,866.67,416000.0,2480802.49,True,0.08,0.172,5,150000.0
Julien,61.15,SCPI Iroko Zen,530.0,254400.0,1053078.71,True,0.071,0.3,5,
Julien,25.0,SCPI Iroko Zen,216.67,104000.0,430503.88,True,0.071,0.3,5,
Julien,50.0,SCPI Iroko Zen,433.33,208000.0,861007.75,True,0.071,0.3,5,
Julien,75.0,SCPI Iroko Zen,650.0,312000.0,1291511.63,True,0.071,0.3,5,
Julien,100.0,SCPI Iroko Zen,866.67,416000.0,1722015.5,True,0.071,0.3,5,
Julien,61.15,SCPI Sofidynamic,530.0,254400.0,1960581.77,True,0.095,0.3,5,
Julien,25.0,SCPI Sofidynamic,216.67,104000.0,801495.69,True,0.095,0.3,5,
Julien,50.0,SCPI Sofidynamic,433.33,208000.0,1602991.38,True,0.095,0.3,5,
Julien,75.0,SCPI Sofidynamic,650.0,312000.0,2404487.08,True,0.095,0.3,5,
Julien,100.0,SCPI Sofidynamic,866.67,416000.0,3205982.77,True,0.095,0.3,5,
Karim,68.49,Assurance Vie – euros,799.0,162996.0,197818.63,True,0.025,0.172,8,150000.0
Karim,25.0,Assurance Vie – euros,291.67,59500.0,72211.64,False,0.025,0.172,8,150000.0
Karim,50.0,Assurance Vie – euros,583.33,119000.0,144423.28,True,0.025,0.172,8,150000.0
Karim,75.0,Assurance Vie – euros,875.0,178500.0,216634.92,True,0.025,0.172,8,150000.0
Karim,100.0,Assurance Vie – euros,1166.67,238000.0,288846.55,True,0.025,0.172,8,150000.0
Karim,68.49,Assurance Vie – UC Risque faible,799.0,162996.0,214596.17,True,0.035,0.172,8,200000.0
Karim,25.0,Assurance Vie – UC Risque faible,291.67,59500.0,78336.11,False,0.035,0.172,8,200000.0
Karim,50.0,Assurance Vie – UC Risque faible,583.33,119000.0,156672.21,True,0.035,0.172,8,200000.0
Karim,75.0,Assurance Vie – UC Risque faible,875.0,178500.0,235008.32,True,0.035,0.172,8,200000.0
Karim,100.0,Assurance Vie – UC Risque faible,1166.67,238000.0,313344.42,True,0.035,0.172,8,200000.0
Karim,68.49,Assurance Vie – UC Risque modéré,799.0,162996.0,233295.31,True,0.045,0.172,8,200000.0
Karim,25.0,Assurance Vie – UC Risque modéré,291.67,59500.0,85162.03,False,0.045,0.172,8,200000.0
Karim,50.0,Assurance Vie – UC Risque modéré,583.33,119000.0,170324.07,True,0.045,0.172,8,200000.0
Karim,75.0,Assurance Vie – UC Risque modéré,875.0,178500.0,255486.1,True,0.045,0.172,8,200000.0
Karim,100.0,Assurance Vie – UC Risque modéré,1166.67,238000.0,340648.13,True,0.045,0.172,8,200000.0
Karim,68.49,PEA – profil prudent,799.0,162996.0,233295.31,True,0.045,0.172,5,150000.0
Karim,25.0,PEA – profil prudent,291.67,59500.0,85162.03,False,0.045,0.172,5,150000.0
Karim,50.0,PEA – profil prudent,583.33,119000.0,170324.07,True,0.045,0.172,5,150000.0
Karim,75.0,PEA – profil prudent,875.0,178500.0,255486.1,True,0.045,0.172,5,150000.0
Karim,100.0,PEA – profil prudent,1166.67,238000.0,340648.13,True,0.045,0.172,5,150000.0
Karim,68.49,PEA – profil équilibré,799.0,162996.0,265452.22,True,0.06,0.172,5,150000.0
Karim,25.0,PEA – profil équilibré,291.67,59500.0,96900.58,True,0.06,0.172,5,150000.0
Karim,50.0,PEA – profil équilibré,583.33,119000.0,193801.16,True,0.06,0.172,5,150000.0
Karim,75.0,PEA – profil équilibré,875.0,178500.0,290701.74,True,0.06,0.172,5,150000.0
Karim,100.0,PEA – profil équilibré,1166.67,238000.0,387602.32,True,0.06,0.172,5,150000.0
Karim,68.49,PEA – profil dynamique,799.0,162996.0,317408.84,True,0.08,0.172,5,150000.0
Karim,25.0,PEA – profil dynamique,291.67,59500.0,115866.81,True,0.08,0.172,5,150000.0
Karim,50.0,PEA – profil dynamique,583.33,119000.0,231733.61,True,0.08,0.172,5,150000.0
Karim,75.0,PEA – profil dynamique,875.0,178500.0,347600.42,True,0.08,0.172,5,150000.0
Karim,100.0,PEA – profil dynamique,1166.67,238000.0,463467.23,True,0.08,0.172,5,150000.0
Karim,68.49,SCPI Iroko Zen,799.0,162996.0,272578.93,True,0.071,0.3,5,
Karim,25.0,SCPI Iroko Zen,291.67,59500.0,99502.11,True,0.071,0.3,5,
Karim,50.0,SCPI Iroko Zen,583.33,119000.0,199004.22,True,0.071,0.3,5,
Karim,75.0,SCPI Iroko Zen,875.0,178500.0,298506.34,True,0.071,0.3,5,
Karim,100.0,SCPI Iroko Zen,1166.67,238000.0,398008.45,True,0.071,0.3,5,
Karim,68.49,SCPI Sofidynamic,799.0,162996.0,333412.13,True,0.095,0.3,5,
Karim,25.0,SCPI Sofidynamic,291.67,59500.0,121708.64,True,0.095,0.3,5,
Karim,50.0,SCPI Sofidynamic,583.33,119000.0,243417.28,True,0.095,0.3,5,
Karim,75.0,SCPI Sofidynamic,875.0,178500.0,365125.93,True,0.095,0.3,5,
Karim,100.0,SCPI Sofidynamic,1166.67,238000.0,486834.57,True,0.095,0.3,5,
Laura,31.8,Assurance Vie – UC Risque faible,424.0,127200.0,191712.01,True,0.035,0.172,8,200000.0
Laura,25.0,Assurance Vie – UC Risque faible,333.33,100000.0,150716.99,False,0.035,0.172,8,200000.0
Laura,50.0,Assurance Vie – UC Risque faible,666.67,200000.0,301433.99,True,0.035,0.172,8,200000.0
Laura,75.0,Assurance Vie – UC Risque faible,1000.0,300000.0,452150.98,True,0.035,0.172,8,200000.0
Laura,100.0,Assurance Vie – UC Risque faible,1333.33,400000.0,602867.97,True,0.035,0.172,8,200000.0
Laura,31.8,Assurance Vie – UC Risque modéré,424.0,127200.0,218074.19,True,0.045,0.172,8,200000.0
Laura,25.0,Assurance Vie – UC Risque modéré,333.33,100000.0,171441.97,True,0.045,0.172,8,200000.0
Laura,50.0,Assurance Vie – UC Risque modéré,666.67,200000.0,342883.95,True,0.045,0.172,8,200000.0
Laura,75.0,Assurance Vie – UC Risque modéré,1000.0,300000.0,514325.92,True,0.045,0.172,8,200000.0
Laura,100.0,Assurance Vie – UC Risque modéré,1333.33,400000.0,685767.9,True,0.045,0.172,8,200000.0
Laura,31.8,SCPI Iroko Zen,424.0,127200.0,282913.51,True,0.071,0.3,5,
Laura,25.0,SCPI Iroko Zen,333.33,100000.0,222416.28,True,0.071,0.3,5,
Laura,50.0,SCPI Iroko Zen,666.67,200000.0,444832.56,True,0.071,0.3,5,
Laura,75.0,SCPI Iroko Zen,1000.0,300000.0,667248.84,True,0.071,0.3,5,
Laura,100.0,SCPI Iroko Zen,1333.33,400000.0,889665.12,True,0.071,0.3,5,
Laura,31.8,SCPI Sofidynamic,424.0,127200.0,394014.76,True,0.095,0.3,5,
Laura,25.0,SCPI Sofidynamic,333.33,100000.0,309760.03,True,0.095,0.3,5,
Laura,50.0,SCPI Sofidynamic,666.67,200000.0,619520.07,True,0.095,0.3,5,
Laura,75.0,SCPI Sofidynamic,1000.0,300000.0,929280.1,True,0.095,0.3,5,
Laura,100.0,SCPI Sofidynamic,1333.33,400000.0,1239040.13,True,0.095,0.3,5,
Martin,61.02,Assurance Vie – euros,895.0,171840.0,206207.97,True,0.025,0.172,8,150000.0
Martin,25.0,Assurance Vie – euros,366.67,70400.0,84479.99,False,0.025,0.172,8,150000.0
Martin,50.0,Assurance Vie – euros,733.33,140800.0,168959.97,True,0.025,0.172,8,150000.0
Martin,75.0,Assurance Vie – euros,1100.0,211200.0,253439.96,True,0.025,0.172,8,150000.0
Martin,100.0,Assurance Vie – euros,1466.67,281600.0,337919.94,True,0.025,0.172,8,150000.0
Martin,61.02,Assurance Vie – UC Risque faible,895.0,171840.0,222573.11,True,0.035,0.172,8,200000.0
Martin,25.0,Assurance Vie – UC Risque faible,366.67,70400.0,91184.51,False,0.035,0.172,8,200000.0
Martin,50.0,Assurance Vie – UC Risque faible,733.33,140800.0,182369.03,True,0.035,0.172,8,200000.0
Martin,75.0,Assurance Vie – UC Risque faible,1100.0,211200.0,273553.54,True,0.035,0.172,8,200000.0
Martin,100.0,Assurance Vie – UC Risque faible,1466.67,281600.0,364738.05,True,0.035,0.172,8,200000.0
Martin,61.02,Assurance Vie – UC Risque modéré,895.0,171840.0,240684.83,True,0.045,0.172,8,200000.0
Martin,25.0,Assurance Vie – UC Risque modéré,366.67,70400.0,98604.59,False,0.045,0.172,8,200000.0
Martin,50.0,Assurance Vie – UC Risque modéré,733.33,140800.0,197209.17,True,0.045,0.172,8,200000.0
Martin,75.0,Assurance Vie – UC Risque modéré,1100.0,211200.0,295813.76,True,0.045,0.172,8,200000.0
Martin,100.0,Assurance Vie – UC Risque modéré,1466.67,281600.0,394418.35,True,0.045,0.172,8,200000.0
Martin,61.02,PEA – profil prudent,895.0,171840.0,240684.83,True,0.045,0.172,5,150000.0
Martin,25.0,PEA – profil prudent,366.67,70400.0,98604.59,False,0.045,0.172,5,150000.0
Martin,50.0,PEA – profil prudent,733.33,140800.0,197209.17,True,0.045,0.172,5,150000.0
Martin,75.0,PEA – profil prudent,1100.0,211200.0,295813.76,True,0.045,0.172,5,150000.0
Martin,100.0,PEA – profil prudent,1466.67,281600.0,394418.35,True,0.045,0.172,5,150000.0
Martin,61.02,PEA – profil équilibré,895.0,171840.0,271553.0,True,0.06,0.172,5,150000.0
Martin,25.0,PEA – profil équilibré,366.67,70400.0,111250.76,False,0.06,0.172,5,150000.0
Martin,50.0,PEA – profil équilibré,733.33,140800.0,222501.53,True,0.06,0.172,5,150000.0
Martin,75.0,PEA – profil équilibré,1100.0,211200.0,333752.29,True,0.06,0.172,5,150000.0
Martin,100.0,PEA – profil équilibré,1466.67,281600.0,445003.05,True,0.06,0.172,5,150000.0
Martin,61.02,PEA – profil dynamique,895.0,171840.0,320795.07,True,0.08,0.172,5,150000.0
Martin,25.0,PEA – profil dynamique,366.67,70400.0,131424.42,True,0.08,0.172,5,150000.0
Martin,50.0,PEA – profil dynamique,733.33,140800.0,262848.84,True,0.08,0.172,5,150000.0
Martin,75.0,PEA – profil dynamique,1100.0,211200.0,394273.27,True,0.08,0.172,5,150000.0
Martin,100.0,PEA – profil dynamique,1466.67,281600.0,525697.69,True,0.08,0.172,5,150000.0
Martin,61.02,SCPI Iroko Zen,895.0,171840.0,277979.23,True,0.071,0.3,5,
Martin,25.0,SCPI Iroko Zen,366.67,70400.0,113883.48,False,0.071,0.3,5,
Martin,50.0,SCPI Iroko Zen,733.33,140800.0,227766.97,True,0.071,0.3,5,
Martin,75.0,SCPI Iroko Zen,1100.0,211200.0,341650.45,True,0.071,0.3,5,
Martin,100.0,SCPI Iroko Zen,1466.67,281600.0,455533.93,True,0.071,0.3,5,
Martin,61.02,SCPI Sofidynamic,895.0,171840.0,335082.09,True,0.095,0.3,5,
Martin,25.0,SCPI Sofidynamic,366.67,70400.0,137277.58,True,0.095,0.3,5,
Martin,50.0,SCPI Sofidynamic,733.33,140800.0,274555.16,True,0.095,0.3,5,
Martin,75.0,SCPI Sofidynamic,1100.0,211200.0,411832.74,True,0.095,0.3,5,
Martin,100.0,SCPI Sofidynamic,1466.67,281600.0,549110.32,True,0.095,0.3,5,
Nora,25.44,Assurance Vie – euros,318.0,34344.0,38146.26,False,0.025,0.172,8,150000.0
Nora,25.0,Assurance Vie – euros,312.5,33750.0,37486.5,False,0.025,0.172,8,150000.0
Nora,50.0,Assurance Vie – euros,625.0,67500.0,74973.0,False,0.025,0.172,8,150000.0
Nora,75.0,Assurance Vie – euros,937.5,101250.0,112459.5,True,0.025,0.172,8,150000.0
Nora,100.0,Assurance Vie – euros,1250.0,135000.0,149946.0,True,0.025,0.172,8,150000.0
Nora,25.44,Assurance Vie – UC Risque faible,318.0,34344.0,39814.59,False,0.035,0.172,8,200000.0
Nora,25.0,Assurance Vie – UC Risque faible,312.5,33750.0,39125.98,False,0.035,0.172,8,200000.0
Nora,50.0,Assurance Vie – UC Risque faible,625.0,67500.0,78251.95,False,0.035,0.172,8,200000.0
Nora,75.0,Assurance Vie – UC Risque faible,937.5,101250.0,117377.93,True,0.035,0.172,8,200000.0
Nora,100.0,Assurance Vie – UC Risque faible,1250.0,135000.0,156503.9,True,0.035,0.172,8,200000.0
Nora,25.44,Assurance Vie – UC Risque modéré,318.0,34344.0,41573.94,False,0.045,0.172,8,200000.0
Nora,25.0,Assurance Vie – UC Risque modéré,312.5,33750.0,40854.89,False,0.045,0.172,8,200000.0
Nora,50.0,Assurance Vie – UC Risque modéré,625.0,67500.0,81709.78,False,0.045,0.172,8,200000.0
Nora,75.0,Assurance Vie – UC Risque modéré,937.5,101250.0,122564.67,True,0.045,0.172,8,200000.0
Nora,100.0,Assurance Vie – UC Risque modéré,1250.0,135000.0,163419.56,True,0.045,0.172,8,200000.0
Nora,25.44,PEA – profil prudent,318.0,34344.0,41573.94,False,0.045,0.172,5,150000.0
Nora,25.0,PEA – profil prudent,312.5,33750.0,40854.89,False,0.045,0.172,5,150000.0
Nora,50.0,PEA – profil prudent,625.0,67500.0,81709.78,False,0.045,0.172,5,150000.0
Nora,75.0,PEA – profil prudent,937.5,101250.0,122564.67,True,0.045,0.172,5,150000.0
Nora,100.0,PEA – profil prudent,1250.0,135000.0,163419.56,True,0.045,0.172,5,150000.0
Nora,25.44,PEA – profil équilibré,318.0,34344.0,44394.19,False,0.06,0.172,5,150000.0
Nora,25.0,PEA – profil équilibré,312.5,33750.0,43626.37,False,0.06,0.172,5,150000.0
Nora,50.0,PEA – profil équilibré,625.0,67500.0,87252.74,True,0.06,0.172,5,150000.0
Nora,75.0,PEA – profil équilibré,937.5,101250.0,130879.1,True,0.06,0.172,5,150000.0
Nora,100.0,PEA – profil équilibré,1250.0,135000.0,174505.47,True,0.06,0.172,5,150000.0
Nora,25.44,PEA – profil dynamique,318.0,34344.0,48519.96,False,0.08,0.172,5,150000.0
Nora,25.0,PEA – profil dynamique,312.5,33750.0,47680.78,False,0.08,0.172,5,150000.0
Nora,50.0,PEA – profil dynamique,625.0,67500.0,95361.55,True,0.08,0.172,5,150000.0
Nora,75.0,PEA – profil dynamique,937.5,101250.0,143042.33,True,0.08,0.172,5,150000.0
Nora,100.0,PEA – profil dynamique,1250.0,135000.0,190723.11,True,0.08,0.172,5,150000.0
Nora,25.44,SCPI Iroko Zen,318.0,34344.0,44713.28,False,0.071,0.3,5,
Nora,25.0,SCPI Iroko Zen,312.5,33750.0,43939.93,False,0.071,0.3,5,
Nora,50.0,SCPI Iroko Zen,625.0,67500.0,87879.87,True,0.071,0.3,5,
Nora,75.0,SCPI Iroko Zen,937.5,101250.0,131819.8,True,0.071,0.3,5,
Nora,100.0,SCPI Iroko Zen,1250.0,135000.0,175759.74,True,0.071,0.3,5,
Nora,25.44,SCPI Sofidynamic,318.0,34344.0,49196.65,False,0.095,0.3,5,
Nora,25.0,SCPI Sofidynamic,312.5,33750.0,48345.76,False,0.095,0.3,5,
Nora,50.0,SCPI Sofidynamic,625.0,67500.0,96691.53,True,0.095,0.3,5,
Nora,75.0,SCPI Sofidynamic,937.5,101250.0,145037.29,True,0.095,0.3,5,
Nora,100.0,SCPI Sofidynamic,1250.0,135000.0,193383.05,True,0.095,0.3,5,
Oscar,104.3,Assurance Vie – euros,1043.0,137676.0,156283.76,True,0.025,0.172,8,150000.0
Oscar,25.0,Assurance Vie – euros,250.0,33000.0,37460.15,False,0.025,0.172,8,150000.0
Oscar,50.0,Assurance Vie – euros,500.0,66000.0,74920.31,False,0.025,0.172,8,150000.0
Oscar,75.0,Assurance Vie – euros,750.0,99000.0,112380.46,True,0.025,0.172,8,150000.0
Oscar,100.0,Assurance Vie – euros,1000.0,132000.0,149840.61,True,0.025,0.172,8,150000.0
Oscar,104.3,Assurance Vie – UC Risque faible,1043.0,137676.0,164640.77,True,0.035,0.172,8,200000.0
Oscar,25.0,Assurance Vie – UC Risque faible,250.0,33000.0,39463.27,False,0.035,0.172,8,200000.0
Oscar,50.0,Assurance Vie – UC Risque faible,500.0,66000.0,78926.55,False,0.035,0.172,8,200000.0
Oscar,75.0,Assurance Vie – UC Risque faible,750.0,99000.0,118389.82,True,0.035,0.172,8,200000.0
Oscar,100.0,Assurance Vie – UC Risque faible,1000.0,132000.0,157853.09,True,0.035,0.172,8,200000.0
Oscar,104.3,Assurance Vie – UC Risque modéré,1043.0,137676.0,173574.62,True,0.045,0.172,8,200000.0
Oscar,25.0,Assurance Vie – UC Risque modéré,250.0,33000.0,41604.66,False,0.045,0.172,8,200000.0
Oscar,50.0,Assurance Vie – UC Risque modéré,500.0,66000.0,83209.31,False,0.045,0.172,8,200000.0
Oscar,75.0,Assurance Vie – UC Risque modéré,750.0,99000.0,124813.97,True,0.045,0.172,8,200000.0
Oscar,100.0,Assurance Vie – UC Risque modéré,1000.0,132000.0,166418.62,True,0.045,0.172,8,200000.0
Oscar,104.3,PEA – profil prudent,1043.0,137676.0,173574.62,True,0.045,0.172,5,150000.0
Oscar,25.0,PEA – profil prudent,250.0,33000.0,41604.66,False,0.045,0.172,5,150000.0
Oscar,50.0,PEA – profil prudent,500.0,66000.0,83209.31,False,0.045,0.172,5,150000.0
Oscar,75.0,PEA – profil prudent,750.0,99000.0,124813.97,True,0.045,0.172,5,150000.0
Oscar,100.0,PEA – profil prudent,1000.0,132000.0,166418.62,True,0.045,0.172,5,150000.0
Oscar,104.3,PEA – profil équilibré,1043.0,137676.0,188144.41,True,0.06,0.172,5,150000.0
Oscar,25.0,PEA – profil équilibré,250.0,33000.0,45096.93,False,0.06,0.172,5,150000.0
Oscar,50.0,PEA – profil équilibré,500.0,66000.0,90193.87,False,0.06,0.172,5,150000.0
Oscar,75.0,PEA – profil équilibré,750.0,99000.0,135290.8,True,0.06,0.172,5,150000.0
Oscar,100.0,PEA – profil équilibré,1000.0,132000.0,180387.74,True,0.06,0.172,5,150000.0
Oscar,104.3,PEA – profil dynamique,1043.0,137676.0,209981.69,True,0.08,0.172,5,150000.0
Oscar,25.0,PEA – profil dynamique,250.0,33000.0,50331.18,False,0.08,0.172,5,150000.0
Oscar,50.0,PEA – profil dynamique,500.0,66000.0,100662.36,False,0.08,0.172,5,150000.0
Oscar,75.0,PEA – profil dynamique,750.0,99000.0,150993.55,True,0.08,0.172,5,150000.0
Oscar,100.0,PEA – profil dynamique,1000.0,132000.0,201324.73,True,0.08,0.172,5,150000.0
Oscar,104.3,SCPI Iroko Zen,1043.0,137676.0,190191.38,True,0.071,0.3,5,
Oscar,25.0,SCPI Iroko Zen,250.0,33000.0,45587.58,False,0.071,0.3,5,
Oscar,50.0,SCPI Iroko Zen,500.0,66000.0,91175.16,False,0.071,0.3,5,
Oscar,75.0,SCPI Iroko Zen,750.0,99000.0,136762.74,True,0.071,0.3,5,
Oscar,100.0,SCPI Iroko Zen,1000.0,132000.0,182350.32,True,0.071,0.3,5,
Oscar,104.3,SCPI Sofidynamic,1043.0,137676.0,214355.58,True,0.095,0.3,5,
Oscar,25.0,SCPI Sofidynamic,250.0,33000.0,51379.57,False,0.095,0.3,5,
Oscar,50.0,SCPI Sofidynamic,500.0,66000.0,102759.15,False,0.095,0.3,5,
Oscar,75.0,SCPI Sofidynamic,750.0,99000.0,154138.72,True,0.095,0.3,5,
Oscar,100.0,SCPI Sofidynamic,1000.0,132000.0,205518.29,True,0.095,0.3,5,
Pauline,58.29,Assurance Vie – euros,748.0,80784.0,89727.69,False,0.025,0.172,8,150000.0
Pauline,25.0,Assurance Vie – euros,320.83,34650.0,38486.14,False,0.025,0.172,8,150000.0
Pauline,50.0,Assurance Vie – euros,641.67,69300.0,76972.28,False,0.025,0.172,8,150000.0
Pauline,75.0,Assurance Vie – euros,962.5,103950.0,115458.42,True,0.025,0.172,8,150000.0
Pauline,100.0,Assurance Vie – euros,1283.33,138600.0,153944.56,True,0.025,0.172,8,150000.0
Pauline,58.29,Assurance Vie – UC Risque faible,748.0,80784.0,93651.94,False,0.035,0.172,8,200000.0
Pauline,25.0,Assurance Vie – UC Risque faible,320.83,34650.0,40169.34,False,0.035,0.172,8,200000.0
Pauline,50.0,Assurance Vie – UC Risque faible,641.67,69300.0,80338.67,False,0.035,0.172,8,200000.0
Pauline,75.0,Assurance Vie – UC Risque faible,962.5,103950.0,120508.01,True,0.035,0.172,8,200000.0
Pauline,100.0,Assurance Vie – UC Risque faible,1283.33,138600.0,160677.34,True,0.035,0.172,8,200000.0
Pauline,58.29,Assurance Vie – UC Risque modéré,748.0,80784.0,97790.26,False,0.045,0.172,8,200000.0
Pauline,25.0,Assurance Vie – UC Risque modéré,320.83,34650.0,41944.35,False,0.045,0.172,8,200000.0
Pauline,50.0,Assurance Vie – UC Risque modéré,641.67,69300.0,83888.71,False,0.045,0.172,8,200000.0
Pauline,75.0,Assurance Vie – UC Risque modéré,962.5,103950.0,125833.06,True,0.045,0.172,8,200000.0
Pauline,100.0,Assurance Vie – UC Risque modéré,1283.33,138600.0,167777.42,True,0.045,0.172,8,200000.0
Pauline,58.29,PEA – profil prudent,748.0,80784.0,97790.26,False,0.045,0.172,5,150000.0
Pauline,25.0,PEA – profil prudent,320.83,34650.0,41944.35,False,0.045,0.172,5,150000.0
Pauline,50.0,PEA – profil prudent,641.67,69300.0,83888.71,False,0.045,0.172,5,150000.0
Pauline,75.0,PEA – profil prudent,962.5,103950.0,125833.06,True,0.045,0.172,5,150000.0
Pauline,100.0,PEA – profil prudent,1283.33,138600.0,167777.42,True,0.045,0.172,5,150000.0
Pauline,58.29,PEA – profil équilibré,748.0,80784.0,104424.08,True,0.06,0.172,5,150000.0
Pauline,25.0,PEA – profil équilibré,320.83,34650.0,44789.74,False,0.06,0.172,5,150000.0
Pauline,50.0,PEA – profil équilibré,641.67,69300.0,89579.48,False,0.06,0.172,5,150000.0
Pauline,75.0,PEA – profil équilibré,962.5,103950.0,134369.21,True,0.06,0.172,5,150000.0
Pauline,100.0,PEA – profil équilibré,1283.33,138600.0,179158.95,True,0.06,0.172,5,150000.0
Pauline,58.29,PEA – profil dynamique,748.0,80784.0,114128.71,True,0.08,0.172,5,150000.0
Pauline,25.0,PEA – profil dynamique,320.83,34650.0,48952.26,False,0.08,0.172,5,150000.0
Pauline,50.0,PEA – profil dynamique,641.67,69300.0,97904.53,False,0.08,0.172,5,150000.0
Pauline,75.0,PEA – profil dynamique,962.5,103950.0,146856.79,True,0.08,0.172,5,150000.0
Pauline,100.0,PEA – profil dynamique,1283.33,138600.0,195809.06,True,0.08,0.172,5,150000.0
Pauline,58.29,SCPI Iroko Zen,748.0,80784.0,105174.63,True,0.071,0.3,5,
Pauline,25.0,SCPI Iroko Zen,320.83,34650.0,45111.67,False,0.071,0.3,5,
Pauline,50.0,SCPI Iroko Zen,641.67,69300.0,90223.33,False,0.071,0.3,5,
Pauline,75.0,SCPI Iroko Zen,962.5,103950.0,135335.0,True,0.071,0.3,5,
Pauline,100.0,SCPI Iroko Zen,1283.33,138600.0,180446.66,True,0.071,0.3,5,
Pauline,58.29,SCPI Sofidynamic,748.0,80784.0,115720.42,True,0.095,0.3,5,
Pauline,25.0,SCPI Sofidynamic,320.83,34650.0,49634.98,False,0.095,0.3,5,
Pauline,50.0,SCPI Sofidynamic,641.67,69300.0,99269.97,False,0.095,0.3,5,
Pauline,75.0,SCPI Sofidynamic,962.5,103950.0,148904.95,True,0.095,0.3,5,
Pauline,100.0,SCPI Sofidynamic,1283.33,138600.0,198539.93,True,0.095,0.3,5,
Quentin,81.7,Assurance Vie – UC Risque faible,1280.0,122880.0,140284.64,False,0.035,0.172,8,200000.0
Quentin,25.0,Assurance Vie – UC Risque faible,391.67,37600.0,42925.64,False,0.035,0.172,8,200000.0
Quentin,50.0,Assurance Vie – UC Risque faible,783.33,75200.0,85851.28,False,0.035,0.172,8,200000.0
Quentin,75.0,Assurance Vie – UC Risque faible,1175.0,112800.0,128776.91,False,0.035,0.172,8,200000.0
Quentin,100.0,Assurance Vie – UC Risque faible,1566.67,150400.0,171702.55,True,0.035,0.172,8,200000.0
Quentin,81.7,Assurance Vie – UC Risque modéré,1280.0,122880.0,145799.43,False,0.045,0.172,8,200000.0
Quentin,25.0,Assurance Vie – UC Risque modéré,391.67,37600.0,44613.11,False,0.045,0.172,8,200000.0
Quentin,50.0,Assurance Vie – UC Risque modéré,783.33,75200.0,89226.22,False,0.045,0.172,8,200000.0
Quentin,75.0,Assurance Vie – UC Risque modéré,1175.0,112800.0,133839.32,False,0.045,0.172,8,200000.0
Quentin,100.0,Assurance Vie – UC Risque modéré,1566.67,150400.0,178452.43,True,0.045,0.172,8,200000.0
Quentin,81.7,SCPI Iroko Zen,1280.0,122880.0,155435.97,False,0.071,0.3,5,
Quentin,25.0,SCPI Iroko Zen,391.67,37600.0,47561.79,False,0.071,0.3,5,
Quentin,50.0,SCPI Iroko Zen,783.33,75200.0,95123.57,False,0.071,0.3,5,
Quentin,75.0,SCPI Iroko Zen,1175.0,112800.0,142685.36,False,0.071,0.3,5,
Quentin,100.0,SCPI Iroko Zen,1566.67,150400.0,190247.15,True,0.071,0.3,5,
Quentin,81.7,SCPI Sofidynamic,1280.0,122880.0,169082.09,False,0.095,0.3,5,
Quentin,25.0,SCPI Sofidynamic,391.67,37600.0,51737.36,False,0.095,0.3,5,
Quentin,50.0,SCPI Sofidynamic,783.33,75200.0,103474.71,False,0.095,0.3,5,
Quentin,75.0,SCPI Sofidynamic,1175.0,112800.0,155212.07,False,0.095,0.3,5,
Quentin,100.0,SCPI Sofidynamic,1566.67,150400.0,206949.43,True,0.095,0.3,5,
Rania,58.95,Assurance Vie – euros,727.0,148308.0,179992.67,True,0.025,0.172,8,150000.0
Rania,25.0,Assurance Vie – euros,308.33,62900.0,76338.02,True,0.025,0.172,8,150000.0
Rania,50.0,Assurance Vie – euros,616.67,125800.0,152676.04,True,0.025,0.172,8,150000.0
Rania,75.0,Assurance Vie – euros,925.0,188700.0,229014.05,True,0.025,0.172,8,150000.0
Rania,100.0,Assurance Vie – euros,1233.33,251600.0,305352.07,True,0.025,0.172,8,150000.0
Rania,58.95,Assurance Vie – UC Risque faible,727.0,148308.0,195258.34,True,0.035,0.172,8,200000.0
Rania,25.0,Assurance Vie – UC Risque faible,308.33,62900.0,82812.45,True,0.035,0.172,8,200000.0
Rania,50.0,Assurance Vie – UC Risque faible,616.67,125800.0,165624.91,True,0.035,0.172,8,200000.0
Rania,75.0,Assurance Vie – UC Risque faible,925.0,188700.0,248437.36,True,0.035,0.172,8,200000.0
Rania,100.0,Assurance Vie – UC Risque faible,1233.33,251600.0,331249.82,True,0.035,0.172,8,200000.0
Rania,58.95,Assurance Vie – UC Risque modéré,727.0,148308.0,212272.45,True,0.045,0.172,8,200000.0
Rania,25.0,Assurance Vie – UC Risque modéré,308.33,62900.0,90028.43,True,0.045,0.172,8,200000.0
Rania,50.0,Assurance Vie – UC Risque modéré,616.67,125800.0,180056.87,True,0.045,0.172,8,200000.0
Rania,75.0,Assurance Vie – UC Risque modéré,925.0,188700.0,270085.3,True,0.045,0.172,8,200000.0
Rania,100.0,Assurance Vie – UC Risque modéré,1233.33,251600.0,360113.74,True,0.045,0.172,8,200000.0
Rania,58.95,PEA – profil prudent,727.0,148308.0,212272.45,True,0.045,0.172,5,150000.0
Rania,25.0,PEA – profil prudent,308.33,62900.0,90028.43,True,0.045,0.172,5,150000.0
Rania,50.0,PEA – profil prudent,616.67,125800.0,180056.87,True,0.045,0.172,5,150000.0
Rania,75.0,PEA – profil prudent,925.0,188700.0,270085.3,True,0.045,0.172,5,150000.0
Rania,100.0,PEA – profil prudent,1233.33,251600.0,360113.74,True,0.045,0.172,5,150000.0
Rania,58.95,PEA – profil équilibré,727.0,148308.0,241531.62,True,0.06,0.172,5,150000.0
Rania,25.0,PEA – profil équilibré,308.33,62900.0,102437.76,True,0.06,0.172,5,150000.0
Rania,50.0,PEA – profil équilibré,616.67,125800.0,204875.51,True,0.06,0.172,5,150000.0
Rania,75.0,PEA – profil équilibré,925.0,188700.0,307313.27,True,0.06,0.172,5,150000.0
Rania,100.0,PEA – profil équilibré,1233.33,251600.0,409751.03,True,0.06,0.172,5,150000.0
Rania,58.95,PEA – profil dynamique,727.0,148308.0,288806.29,True,0.08,0.172,5,150000.0
Rania,25.0,PEA – profil dynamique,308.33,62900.0,122487.77,True,0.08,0.172,5,150000.0
Rania,50.0,PEA – profil dynamique,616.67,125800.0,244975.53,True,0.08,0.172,5,150000.0
Rania,75.0,PEA – profil dynamique,925.0,188700.0,367463.3,True,0.08,0.172,5,150000.0
Rania,100.0,PEA – profil dynamique,1233.33,251600.0,489951.07,True,0.08,0.172,5,150000.0
Rania,58.95,SCPI Iroko Zen,727.0,148308.0,248016.12,True,0.071,0.3,5,
Rania,25.0,SCPI Iroko Zen,308.33,62900.0,105187.95,True,0.071,0.3,5,
Rania,50.0,SCPI Iroko Zen,616.67,125800.0,210375.89,True,0.071,0.3,5,
Rania,75.0,SCPI Iroko Zen,925.0,188700.0,315563.84,True,0.071,0.3,5,
Rania,100.0,SCPI Iroko Zen,1233.33,251600.0,420751.79,True,0.071,0.3,5,
Rania,58.95,SCPI Sofidynamic,727.0,148308.0,303367.48,True,0.095,0.3,5,
Rania,25.0,SCPI Sofidynamic,308.33,62900.0,128663.42,True,0.095,0.3,5,
Rania,50.0,SCPI Sofidynamic,616.67,125800.0,257326.84,True,0.095,0.3,5,
Rania,75.0,SCPI Sofidynamic,925.0,188700.0,385990.27,True,0.095,0.3,5,
Rania,100.0,SCPI Sofidynamic,1233.33,251600.0,514653.69,True,0.095,0.3,5,
Samuel,60.26,Assurance Vie – euros,693.0,158004.0,196182.56,True,0.025,0.172,8,150000.0
Samuel,25.0,Assurance Vie – euros,287.5,65550.0,81388.87,False,0.025,0.172,8,150000.0
Samuel,50.0,Assurance Vie – euros,575.0,131100.0,162777.74,True,0.025,0.172,8,150000.0
Samuel,75.0,Assurance Vie – euros,862.5,196650.0,244166.61,True,0.025,0.172,8,150000.0
Samuel,100.0,Assurance Vie – euros,1150.0,262200.0,325555.48,True,0.025,0.172,8,150000.0
Samuel,60.26,Assurance Vie – UC Risque faible,693.0,158004.0,215014.97,True,0.035,0.172,8,200000.0
Samuel,25.0,Assurance Vie – UC Risque faible,287.5,65550.0,89201.74,False,0.035,0.172,8,200000.0
Samuel,50.0,Assurance Vie – UC Risque faible,575.0,131100.0,178403.48,True,0.035,0.172,8,200000.0
Samuel,75.0,Assurance Vie – UC Risque faible,862.5,196650.0,267605.22,True,0.035,0.172,8,200000.0
Samuel,100.0,Assurance Vie – UC Risque faible,1150.0,262200.0,356806.96,True,0.035,0.172,8,200000.0
Samuel,60.26,Assurance Vie – UC Risque modéré,693.0,158004.0,236303.61,True,0.045,0.172,8,200000.0
Samuel,25.0,Assurance Vie – UC Risque modéré,287.5,65550.0,98033.61,False,0.045,0.172,8,200000.0
Samuel,50.0,Assurance Vie – UC Risque modéré,575.0,131100.0,196067.21,True,0.045,0.172,8,200000.0
Samuel,75.0,Assurance Vie – UC Risque modéré,862.5,196650.0,294100.82,True,0.045,0.172,8,200000.0
Samuel,100.0,Assurance Vie – UC Risque modéré,1150.0,262200.0,392134.43,True,0.045,0.172,8,200000.0
Samuel,60.26,PEA – profil prudent,693.0,158004.0,236303.61,True,0.045,0.172,5,150000.0
Samuel,25.0,PEA – profil prudent,287.5,65550.0,98033.61,False,0.045,0.172,5,150000.0
Samuel,50.0,PEA – profil prudent,575.0,131100.0,196067.21,True,0.045,0.172,5,150000.0
Samuel,75.0,PEA – profil prudent,862.5,196650.0,294100.82,True,0.045,0.172,5,150000.0
Samuel,100.0,PEA – profil prudent,1150.0,262200.0,392134.43,True,0.045,0.172,5,150000.0
Samuel,60.26,PEA – profil équilibré,693.0,158004.0,273583.67,True,0.06,0.172,5,150000.0
Samuel,25.0,PEA – profil équilibré,287.5,65550.0,113499.72,True,0.06,0.172,5,150000.0
Samuel,50.0,PEA – profil équilibré,575.0,131100.0,226999.44,True,0.06,0.172,5,150000.0
Samuel,75.0,PEA – profil équilibré,862.5,196650.0,340499.16,True,0.06,0.172,5,150000.0
Samuel,100.0,PEA – profil équilibré,1150.0,262200.0,453998.88,True,0.06,0.172,5,150000.0
Samuel,60.26,PEA – profil dynamique,693.0,158004.0,335391.82,True,0.08,0.172,5,150000.0
Samuel,25.0,PEA – profil dynamique,287.5,65550.0,139141.63,True,0.08,0.172,5,150000.0
Samuel,50.0,PEA – profil dynamique,575.0,131100.0,278283.25,True,0.08,0.172,5,150000.0
Samuel,75.0,PEA – profil dynamique,862.5,196650.0,417424.88,True,0.08,0.172,5,150000.0
Samuel,100.0,PEA – profil dynamique,1150.0,262200.0,556566.51,True,0.08,0.172,5,150000.0
Samuel,60.26,SCPI Iroko Zen,693.0,158004.0,282845.03,True,0.071,0.3,5,
Samuel,25.0,SCPI Iroko Zen,287.5,65550.0,117341.91,True,0.071,0.3,5,
Samuel,50.0,SCPI Iroko Zen,575.0,131100.0,234683.83,True,0.071,0.3,5,
Samuel,75.0,SCPI Iroko Zen,862.5,196650.0,352025.74,True,0.071,0.3,5,
Samuel,100.0,SCPI Iroko Zen,1150.0,262200.0,469367.65,True,0.071,0.3,5,
Samuel,60.26,SCPI Sofidynamic,693.0,158004.0,356636.34,True,0.095,0.3,5,
Samuel,25.0,SCPI Sofidynamic,287.5,65550.0,147955.19,True,0.095,0.3,5,
Samuel,50.0,SCPI Sofidynamic,575.0,131100.0,295910.38,True,0.095,0.3,5,
Samuel,75.0,SCPI Sofidynamic,862.5,196650.0,443865.58,True,0.095,0.3,5,
Samuel,100.0,SCPI Sofidynamic,1150.0,262200.0,591820.77,True,0.095,0.3,5,
Tina,43.71,PEL (2025),408.0,97920.0,112027.69,True,0.0175,0.3,4,61200.0
Tina,25.0,PEL (2025),233.33,56000.0,64068.12,True,0.0175,0.3,4,61200.0
Tina,50.0,PEL (2025),466.67,112000.0,128136.25,True,0.0175,0.3,4,61200.0
Tina,75.0,PEL (2025),700.0,168000.0,192204.37,True,0.0175,0.3,4,61200.0
Tina,100.0,PEL (2025),933.33,224000.0,256272.49,True,0.0175,0.3,4,61200.0
Tina,43.71,Assurance Vie – euros,408.0,97920.0,122986.3,True,0.025,0.172,8,150000.0
Tina,25.0,Assurance Vie – euros,233.33,56000.0,70335.3,True,0.025,0.172,8,150000.0
Tina,50.0,Assurance Vie – euros,466.67,112000.0,140670.61,True,0.025,0.172,8,150000.0
Tina,75.0,Assurance Vie – euros,700.0,168000.0,211005.91,True,0.025,0.172,8,150000.0
Tina,100.0,Assurance Vie – euros,933.33,224000.0,281341.21,True,0.025,0.172,8,150000.0
Tina,43.71,Assurance Vie – UC Risque faible,408.0,97920.0,135497.4,True,0.035,0.172,8,200000.0
Tina,25.0,Assurance Vie – UC Risque faible,233.33,56000.0,77490.34,True,0.035,0.172,8,200000.0
Tina,50.0,Assurance Vie – UC Risque faible,466.67,112000.0,154980.68,True,0.035,0.172,8,200000.0
Tina,75.0,Assurance Vie – UC Risque faible,700.0,168000.0,232471.02,True,0.035,0.172,8,200000.0
Tina,100.0,Assurance Vie – UC Risque faible,933.33,224000.0,309961.36,True,0.035,0.172,8,200000.0
Tina,43.71,Assurance Vie – UC Risque modéré,408.0,97920.0,149741.4,True,0.045,0.172,8,200000.0
Tina,25.0,Assurance Vie – UC Risque modéré,233.33,56000.0,85636.42,True,0.045,0.172,8,200000.0
Tina,50.0,Assurance Vie – UC Risque modéré,466.67,112000.0,171272.85,True,0.045,0.172,8,200000.0
Tina,75.0,Assurance Vie – UC Risque modéré,700.0,168000.0,256909.27,True,0.045,0.172,8,200000.0
Tina,100.0,Assurance Vie – UC Risque modéré,933.33,224000.0,342545.7,True,0.045,0.172,8,200000.0
Tina,43.71,PEA – profil prudent,408.0,97920.0,149741.4,True,0.045,0.172,5,150000.0
Tina,25.0,PEA – profil prudent,233.33,56000.0,85636.42,True,0.045,0.172,5,150000.0
Tina,50.0,PEA – profil prudent,466.67,112000.0,171272.85,True,0.045,0.172,5,150000.0
Tina,75.0,PEA – profil prudent,700.0,168000.0,256909.27,True,0.045,0.172,5,150000.0
Tina,100.0,PEA – profil prudent,933.33,224000.0,342545.7,True,0.045,0.172,5,150000.0
Tina,43.71,PEA – profil équilibré,408.0,97920.0,174914.39,True,0.06,0.172,5,150000.0
Tina,25.0,PEA – profil équilibré,233.33,56000.0,100032.74,True,0.06,0.172,5,150000.0
Tina,50.0,PEA – profil équilibré,466.67,112000.0,200065.48,True,0.06,0.172,5,150000.0
Tina,75.0,PEA – profil équilibré,700.0,168000.0,300098.21,True,0.06,0.172,5,150000.0
Tina,100.0,PEA – profil équilibré,933.33,224000.0,400130.95,True,0.06,0.172,5,150000.0
Tina,43.71,PEA – profil dynamique,408.0,97920.0,217197.23,True,0.08,0.172,5,150000.0
Tina,25.0,PEA – profil dynamique,233.33,56000.0,124214.1,True,0.08,0.172,5,150000.0
Tina,50.0,PEA – profil dynamique,466.67,112000.0,248428.2,True,0.08,0.172,5,150000.0
Tina,75.0,PEA – profil dynamique,700.0,168000.0,372642.3,True,0.08,0.172,5,150000.0
Tina,100.0,PEA – profil dynamique,933.33,224000.0,496856.4,True,0.08,0.172,5,150000.0
Tina,43.71,SCPI Iroko Zen,408.0,97920.0,181504.57,True,0.071,0.3,5,
Tina,25.0,SCPI Iroko Zen,233.33,56000.0,103801.63,True,0.071,0.3,5,
Tina,50.0,SCPI Iroko Zen,466.67,112000.0,207603.26,True,0.071,0.3,5,
Tina,75.0,SCPI Iroko Zen,700.0,168000.0,311404.9,True,0.071,0.3,5,
Tina,100.0,SCPI Iroko Zen,933.33,224000.0,415206.53,True,0.071,0.3,5,
Tina,43.71,SCPI Sofidynamic,408.0,97920.0,232485.05,True,0.095,0.3,5,
Tina,25.0,SCPI Sofidynamic,233.33,56000.0,132957.14,True,0.095,0.3,5,
Tina,50.0,SCPI Sofidynamic,466.67,112000.0,265914.27,True,0.095,0.3,5,
Tina,75.0,SCPI Sofidynamic,700.0,168000.0,398871.41,True,0.095,0.3,5,
Tina,100.0,SCPI Sofidynamic,933.33,224000.0,531828.54,True,0.095,0.3,5,
Ugo,32.26,Assurance Vie – euros,328.0,98400.0,131028.24,True,0.025,0.172,8,150000.0
Ugo,25.0,Assurance Vie – euros,254.17,76250.0,101533.57,False,0.025,0.172,8,150000.0
Ugo,50.0,Assurance Vie – euros,508.33,152500.0,203067.13,True,0.025,0.172,8,150000.0
Ugo,75.0,Assurance Vie – euros,762.5,228750.0,304600.7,True,0.025,0.172,8,150000.0
Ugo,100.0,Assurance Vie – euros,1016.67,305000.0,406134.27,True,0.025,0.172,8,150000.0
Ugo,32.26,Assurance Vie – UC Risque faible,328.0,98400.0,148305.52,True,0.035,0.172,8,200000.0
Ugo,25.0,Assurance Vie – UC Risque faible,254.17,76250.0,114921.71,False,0.035,0.172,8,200000.0
Ugo,50.0,Assurance Vie – UC Risque faible,508.33,152500.0,229843.41,True,0.035,0.172,8,200000.0
Ugo,75.0,Assurance Vie – UC Risque faible,762.5,228750.0,344765.12,True,0.035,0.172,8,200000.0
Ugo,100.0,Assurance Vie – UC Risque faible,1016.67,305000.0,459686.83,True,0.035,0.172,8,200000.0
Ugo,32.26,Assurance Vie – UC Risque modéré,328.0,98400.0,168698.9,True,0.045,0.172,8,200000.0
Ugo,25.0,Assurance Vie – UC Risque modéré,254.17,76250.0,130724.51,True,0.045,0.172,8,200000.0
Ugo,50.0,Assurance Vie – UC Risque modéré,508.33,152500.0,261449.01,True,0.045,0.172,8,200000.0
Ugo,75.0,Assurance Vie – UC Risque modéré,762.5,228750.0,392173.52,True,0.045,0.172,8,200000.0
Ugo,100.0,Assurance Vie – UC Risque modéré,1016.67,305000.0,522898.02,True,0.045,0.172,8,200000.0
Ugo,32.26,PEA – profil prudent,328.0,98400.0,168698.9,True,0.045,0.172,5,150000.0
Ugo,25.0,PEA – profil prudent,254.17,76250.0,130724.51,True,0.045,0.172,5,150000.0
Ugo,50.0,PEA – profil prudent,508.33,152500.0,261449.01,True,0.045,0.172,5,150000.0
Ugo,75.0,PEA – profil prudent,762.5,228750.0,392173.52,True,0.045,0.172,5,150000.0
Ugo,100.0,PEA – profil prudent,1016.67,305000.0,522898.02,True,0.045,0.172,5,150000.0
Ugo,32.26,PEA – profil équilibré,328.0,98400.0,206456.92,True,0.06,0.172,5,150000.0
Ugo,25.0,PEA – profil équilibré,254.17,76250.0,159983.13,True,0.06,0.172,5,150000.0
Ugo,50.0,PEA – profil équilibré,508.33,152500.0,319966.26,True,0.06,0.172,5,150000.0
Ugo,75.0,PEA – profil équilibré,762.5,228750.0,479949.39,True,0.06,0.172,5,150000.0
Ugo,100.0,PEA – profil équilibré,1016.67,305000.0,639932.52,True,0.06,0.172,5,150000.0
Ugo,32.26,PEA – profil dynamique,328.0,98400.0,274237.87,True,0.08,0.172,5,150000.0
Ugo,25.0,PEA – profil dynamique,254.17,76250.0,212506.48,True,0.08,0.172,5,150000.0
Ugo,50.0,PEA – profil dynamique,508.33,152500.0,425012.96,True,0.08,0.172,5,150000.0
Ugo,75.0,PEA – profil dynamique,762.5,228750.0,637519.44,True,0.08,0.172,5,150000.0
Ugo,100.0,PEA – profil dynamique,1016.67,305000.0,850025.92,True,0.08,0.172,5,150000.0
Ugo,32.26,SCPI Iroko Zen,328.0,98400.0,218857.62,True,0.071,0.3,5,
Ugo,25.0,SCPI Iroko Zen,254.17,76250.0,169592.41,True,0.071,0.3,5,
Ugo,50.0,SCPI Iroko Zen,508.33,152500.0,339184.83,True,0.071,0.3,5,
Ugo,75.0,SCPI Iroko Zen,762.5,228750.0,508777.24,True,0.071,0.3,5,
Ugo,100.0,SCPI Iroko Zen,1016.67,305000.0,678369.65,True,0.071,0.3,5,
Ugo,32.26,SCPI Sofidynamic,328.0,98400.0,304803.87,True,0.095,0.3,5,
Ugo,25.0,SCPI Sofidynamic,254.17,76250.0,236192.03,True,0.095,0.3,5,
Ugo,50.0,SCPI Sofidynamic,508.33,152500.0,472384.05,True,0.095,0.3,5,
Ugo,75.0,SCPI Sofidynamic,762.5,228750.0,708576.08,True,0.095,0.3,5,
Ugo,100.0,SCPI Sofidynamic,1016.67,305000.0,944768.1,True,0.095,0.3,5,
Valérie,37.08,Assurance Vie – euros,377.0,180960.0,289918.49,True,0.025,0.172,8,150000.0
Valérie,25.0,Assurance Vie – euros,254.17,122000.0,195457.87,True,0.025,0.172,8,150000.0
Valérie,50.0,Assurance Vie – euros,508.33,244000.0,390915.74,True,0.025,0.172,8,150000.0
Valérie,75.0,Assurance Vie – euros,762.5,366000.0,586373.61,True,0.025,0.172,8,150000.0
Valérie,100.0,Assurance Vie – euros,1016.67,488000.0,781831.48,True,0.025,0.172,8,150000.0
Valérie,37.08,Assurance Vie – UC Risque faible,377.0,180960.0,358924.65,True,0.035,0.172,8,200000.0
Valérie,25.0,Assurance Vie – UC Risque faible,254.17,122000.0,241980.59,True,0.035,0.172,8,200000.0
Valérie,50.0,Assurance Vie – UC Risque faible,508.33,244000.0,483961.17,True,0.035,0.172,8,200000.0
Valérie,75.0,Assurance Vie – UC Risque faible,762.5,366000.0,725941.76,True,0.035,0.172,8,200000.0
Valérie,100.0,Assurance Vie – UC Risque faible,1016.67,488000.0,967922.34,True,0.035,0.172,8,200000.0
Valérie,37.08,Assurance Vie – UC Risque modéré,377.0,180960.0,450088.5,True,0.045,0.172,8,200000.0
Valérie,25.0,Assurance Vie – UC Risque modéré,254.17,122000.0,303441.62,True,0.045,0.172,8,200000.0
Valérie,50.0,Assurance Vie – UC Risque modéré,508.33,244000.0,606883.25,True,0.045,0.172,8,200000.0
Valérie,75.0,Assurance Vie – UC Risque modéré,762.5,366000.0,910324.87,True,0.045,0.172,8,200000.0
Valérie,100.0,Assurance Vie – UC Risque modéré,1016.67,488000.0,1213766.5,True,0.045,0.172,8,200000.0
Valérie,37.08,PEA – profil prudent,377.0,180960.0,450088.5,True,0.045,0.172,5,150000.0
Valérie,25.0,PEA – profil prudent,254.17,122000.0,303441.62,True,0.045,0.172,5,150000.0
Valérie,50.0,PEA – profil prudent,508.33,244000.0,606883.25,True,0.045,0.172,5,150000.0
Valérie,75.0,PEA – profil prudent,762.5,366000.0,910324.87,True,0.045,0.172,5,150000.0
Valérie,100.0,PEA – profil prudent,1016.67,488000.0,1213766.5,True,0.045,0.172,5,150000.0
Valérie,37.08,PEA – profil équilibré,377.0,180960.0,645626.74,True,0.06,0.172,5,150000.0
Valérie,25.0,PEA – profil équilibré,254.17,122000.0,435270.02,True,0.06,0.172,5,150000.0
Valérie,50.0,PEA – profil équilibré,508.33,244000.0,870540.04,True,0.06,0.172,5,150000.0
Valérie,75.0,PEA – profil équilibré,762.5,366000.0,1305810.06,True,0.06,0.172,5,150000.0
Valérie,100.0,PEA – profil équilibré,1016.67,488000.0,1741080.08,True,0.06,0.172,5,150000.0
Valérie,37.08,PEA – profil dynamique,377.0,180960.0,1079149.08,True,0.08,0.172,5,150000.0
Valérie,25.0,PEA – profil dynamique,254.17,122000.0,727543.04,True,0.08,0.172,5,150000.0
Valérie,50.0,PEA – profil dynamique,508.33,244000.0,1455086.08,True,0.08,0.172,5,150000.0
Valérie,75.0,PEA – profil dynamique,762.5,366000.0,2182629.12,True,0.08,0.172,5,150000.0
Valérie,100.0,PEA – profil dynamique,1016.67,488000.0,2910172.16,True,0.08,0.172,5,150000.0
Valérie,37.08,SCPI Iroko Zen,377.0,180960.0,749076.74,True,0.071,0.3,5,
Valérie,25.0,SCPI Iroko Zen,254.17,122000.0,505014.16,True,0.071,0.3,5,
Valérie,50.0,SCPI Iroko Zen,508.33,244000.0,1010028.32,True,0.071,0.3,5,
Valérie,75.0,SCPI Iroko Zen,762.5,366000.0,1515042.48,True,0.071,0.3,5,
Valérie,100.0,SCPI Iroko Zen,1016.67,488000.0,2020056.64,True,0.071,0.3,5,
Valérie,37.08,SCPI Sofidynamic,377.0,180960.0,1394602.5,True,0.095,0.3,5,
Valérie,25.0,SCPI Sofidynamic,254.17,122000.0,940216.1,True,0.095,0.3,5,
Valérie,50.0,SCPI Sofidynamic,508.33,244000.0,1880432.2,True,0.095,0.3,5,
Valérie,75.0,SCPI Sofidynamic,762.5,366000.0,2820648.3,True,0.095,0.3,5,
Valérie,100.0,SCPI Sofidynamic,1016.67,488000.0,3760864.4,True,0.095,0.3,5,
Wassim,57.76,PEL (2025),953.0,320208.0,387157.83,True,0.0175,0.3,4,61200.0
Wassim,25.0,PEL (2025),412.5,138600.0,167578.81,True,0.0175,0.3,4,61200.0
Wassim,50.0,PEL (2025),825.0,277200.0,335157.62,True,0.0175,0.3,4,61200.0
Wassim,75.0,PEL (2025),1237.5,415800.0,502736.43,True,0.0175,0.3,4,61200.0
Wassim,100.0,PEL (2025),1650.0,554400.0,670315.24,True,0.0175,0.3,4,61200.0
Wassim,57.76,Assurance Vie – euros,953.0,320208.0,441944.37,True,0.025,0.172,8,150000.0
Wassim,25.0,Assurance Vie – euros,412.5,138600.0,191292.81,True,0.025,0.172,8,150000.0
Wassim,50.0,Assurance Vie – euros,825.0,277200.0,382585.63,True,0.025,0.172,8,150000.0
Wassim,75.0,Assurance Vie – euros,1237.5,415800.0,573878.44,True,0.025,0.172,8,150000.0
Wassim,100.0,Assurance Vie – euros,1650.0,554400.0,765171.26,True,0.025,0.172,8,150000.0
Wassim,57.76,Assurance Vie – UC Risque faible,953.0,320208.0,508743.52,True,0.035,0.172,8,200000.0
Wassim,25.0,Assurance Vie – UC Risque faible,412.5,138600.0,220206.4,True,0.035,0.172,8,200000.0
Wassim,50.0,Assurance Vie – UC Risque faible,825.0,277200.0,440412.8,True,0.035,0.172,8,200000.0
Wassim,75.0,Assurance Vie – UC Risque faible,1237.5,415800.0,660619.21,True,0.035,0.172,8,200000.0
Wassim,100.0,Assurance Vie – UC Risque faible,1650.0,554400.0,880825.61,True,0.035,0.172,8,200000.0
Wassim,57.76,Assurance Vie – UC Risque modéré,953.0,320208.0,589345.93,True,0.045,0.172,8,200000.0
Wassim,25.0,Assurance Vie – UC Risque modéré,412.5,138600.0,255094.64,True,0.045,0.172,8,200000.0
Wassim,50.0,Assurance Vie – UC Risque modéré,825.0,277200.0,510189.29,True,0.045,0.172,8,200000.0
Wassim,75.0,Assurance Vie – UC Risque modéré,1237.5,415800.0,765283.93,True,0.045,0.172,8,200000.0
Wassim,100.0,Assurance Vie – UC Risque modéré,1650.0,554400.0,1020378.57,True,0.045,0.172,8,200000.0
Wassim,57.76,PEA – profil prudent,953.0,320208.0,589345.93,True,0.045,0.172,5,150000.0
Wassim,25.0,PEA – profil prudent,412.5,138600.0,255094.64,True,0.045,0.172,5,150000.0
Wassim,50.0,PEA – profil prudent,825.0,277200.0,510189.29,True,0.045,0.172,5,150000.0
Wassim,75.0,PEA – profil prudent,1237.5,415800.0,765283.93,True,0.045,0.172,5,150000.0
Wassim,100.0,PEA – profil prudent,1650.0,554400.0,1020378.57,True,0.045,0.172,5,150000.0
Wassim,57.76,PEA – profil équilibré,953.0,320208.0,742902.61,True,0.06,0.172,5,150000.0
Wassim,25.0,PEA – profil équilibré,412.5,138600.0,321560.68,True,0.06,0.172,5,150000.0
Wassim,50.0,PEA – profil équilibré,825.0,277200.0,643121.35,True,0.06,0.172,5,150000.0
Wassim,75.0,PEA – profil équilibré,1237.5,415800.0,964682.03,True,0.06,0.172,5,150000.0
Wassim,100.0,PEA – profil équilibré,1650.0,554400.0,1286242.71,True,0.06,0.172,5,150000.0
Wassim,57.76,PEA – profil dynamique,953.0,320208.0,1030061.05,True,0.08,0.172,5,150000.0
Wassim,25.0,PEA – profil dynamique,412.5,138600.0,445855.39,True,0.08,0.172,5,150000.0
Wassim,50.0,PEA – profil dynamique,825.0,277200.0,891710.77,True,0.08,0.172,5,150000.0
Wassim,75.0,PEA – profil dynamique,1237.5,415800.0,1337566.16,True,0.08,0.172,5,150000.0
Wassim,100.0,PEA – profil dynamique,1650.0,554400.0,1783421.54,True,0.08,0.172,5,150000.0
Wassim,57.76,SCPI Iroko Zen,953.0,320208.0,799462.13,True,0.071,0.3,5,
Wassim,25.0,SCPI Iroko Zen,412.5,138600.0,346042.11,True,0.071,0.3,5,
Wassim,50.0,SCPI Iroko Zen,825.0,277200.0,692084.22,True,0.071,0.3,5,
Wassim,75.0,SCPI Iroko Zen,1237.5,415800.0,1038126.33,True,0.071,0.3,5,
Wassim,100.0,SCPI Iroko Zen,1650.0,554400.0,1384168.44,True,0.071,0.3,5,
Wassim,57.76,SCPI Sofidynamic,953.0,320208.0,1175064.68,True,0.095,0.3,5,
Wassim,25.0,SCPI Sofidynamic,412.5,138600.0,508619.29,True,0.095,0.3,5,
Wassim,50.0,SCPI Sofidynamic,825.0,277200.0,1017238.58,True,0.095,0.3,5,
Wassim,75.0,SCPI Sofidynamic,1237.5,415800.0,1525857.86,True,0.095,0.3,5,
Wassim,100.0,SCPI Sofidynamic,1650.0,554400.0,2034477.15,True,0.095,0.3,5,
Xena,78.92,SCPI Iroko Zen,1289.0,309360.0,573429.87,True,0.071,0.3,5,
Xena,25.0,SCPI Iroko Zen,408.33,98000.0,181652.86,False,0.071,0.3,5,
Xena,50.0,SCPI Iroko Zen,816.67,196000.0,363305.71,True,0.071,0.3,5,
Xena,75.0,SCPI Iroko Zen,1225.0,294000.0,544958.57,True,0.071,0.3,5,
Xena,100.0,SCPI Iroko Zen,1633.33,392000.0,726611.42,True,0.071,0.3,5,
Xena,78.92,SCPI Sofidynamic,1289.0,309360.0,734493.21,True,0.095,0.3,5,
Xena,25.0,SCPI Sofidynamic,408.33,98000.0,232674.99,True,0.095,0.3,5,
Xena,50.0,SCPI Sofidynamic,816.67,196000.0,465349.98,True,0.095,0.3,5,
Xena,75.0,SCPI Sofidynamic,1225.0,294000.0,698024.96,True,0.095,0.3,5,
Xena,100.0,SCPI Sofidynamic,1633.33,392000.0,930699.95,True,0.095,0.3,5,
Yassine,47.81,Assurance Vie – euros,510.0,110160.0,135223.2,True,0.025,0.172,8,150000.0
Yassine,25.0,Assurance Vie – euros,266.67,57600.0,70704.94,False,0.025,0.172,8,150000.0
Yassine,50.0,Assurance Vie – euros,533.33,115200.0,141409.88,True,0.025,0.172,8,150000.0
Yassine,75.0,Assurance Vie – euros,800.0,172800.0,212114.82,True,0.025,0.172,8,150000.0
Yassine,100.0,Assurance Vie – euros,1066.67,230400.0,282819.77,True,0.025,0.172,8,150000.0
Yassine,47.81,Assurance Vie – UC Risque faible,510.0,110160.0,147441.48,True,0.035,0.172,8,200000.0
Yassine,25.0,Assurance Vie – UC Risque faible,266.67,57600.0,77093.59,False,0.035,0.172,8,200000.0
Yassine,50.0,Assurance Vie – UC Risque faible,533.33,115200.0,154187.17,True,0.035,0.172,8,200000.0
Yassine,75.0,Assurance Vie – UC Risque faible,800.0,172800.0,231280.76,True,0.035,0.172,8,200000.0
Yassine,100.0,Assurance Vie – UC Risque faible,1066.67,230400.0,308374.34,True,0.035,0.172,8,200000.0
Yassine,47.81,Assurance Vie – UC Risque modéré,510.0,110160.0,161155.69,True,0.045,0.172,8,200000.0
Yassine,25.0,Assurance Vie – UC Risque modéré,266.67,57600.0,84264.42,True,0.045,0.172,8,200000.0
Yassine,50.0,Assurance Vie – UC Risque modéré,533.33,115200.0,168528.83,True,0.045,0.172,8,200000.0
Yassine,75.0,Assurance Vie – UC Risque modéré,800.0,172800.0,252793.25,True,0.045,0.172,8,200000.0
Yassine,100.0,Assurance Vie – UC Risque modéré,1066.67,230400.0,337057.66,True,0.045,0.172,8,200000.0
Yassine,47.81,PEA – profil prudent,510.0,110160.0,161155.69,True,0.045,0.172,5,150000.0
Yassine,25.0,PEA – profil prudent,266.67,57600.0,84264.42,True,0.045,0.172,5,150000.0
Yassine,50.0,PEA – profil prudent,533.33,115200.0,168528.83,True,0.045,0.172,5,150000.0
Yassine,75.0,PEA – profil prudent,800.0,172800.0,252793.25,True,0.045,0.172,5,150000.0
Yassine,100.0,PEA – profil prudent,1066.67,230400.0,337057.66,True,0.045,0.172,5,150000.0
Yassine,47.81,PEA – profil équilibré,510.0,110160.0,184954.19,True,0.06,0.172,5,150000.0
Yassine,25.0,PEA – profil équilibré,266.67,57600.0,96708.07,True,0.06,0.172,5,150000.0
Yassine,50.0,PEA – profil équilibré,533.33,115200.0,193416.15,True,0.06,0.172,5,150000.0
Yassine,75.0,PEA – profil équilibré,800.0,172800.0,290124.22,True,0.06,0.172,5,150000.0
Yassine,100.0,PEA – profil équilibré,1066.67,230400.0,386832.3,True,0.06,0.172,5,150000.0
Yassine,47.81,PEA – profil dynamique,510.0,110160.0,223903.3,True,0.08,0.172,5,150000.0
Yassine,25.0,PEA – profil dynamique,266.67,57600.0,117073.62,True,0.08,0.172,5,150000.0
Yassine,50.0,PEA – profil dynamique,533.33,115200.0,234147.24,True,0.08,0.172,5,150000.0
Yassine,75.0,PEA – profil dynamique,800.0,172800.0,351220.86,True,0.08,0.172,5,150000.0
Yassine,100.0,PEA – profil dynamique,1066.67,230400.0,468294.48,True,0.08,0.172,5,150000.0
Yassine,47.81,SCPI Iroko Zen,510.0,110160.0,190547.71,True,0.071,0.3,5,
Yassine,25.0,SCPI Iroko Zen,266.67,57600.0,99632.79,True,0.071,0.3,5,
Yassine,50.0,SCPI Iroko Zen,533.33,115200.0,199265.58,True,0.071,0.3,5,
Yassine,75.0,SCPI Iroko Zen,800.0,172800.0,298898.37,True,0.071,0.3,5,
Yassine,100.0,SCPI Iroko Zen,1066.67,230400.0,398531.15,True,0.071,0.3,5,
Yassine,47.81,SCPI Sofidynamic,510.0,110160.0,236595.64,True,0.095,0.3,5,
Yassine,25.0,SCPI Sofidynamic,266.67,57600.0,123710.14,True,0.095,0.3,5,
Yassine,50.0,SCPI Sofidynamic,533.33,115200.0,247420.28,True,0.095,0.3,5,
Yassine,75.0,SCPI Sofidynamic,800.0,172800.0,371130.41,True,0.095,0.3,5,
Yassine,100.0,SCPI Sofidynamic,1066.67,230400.0,494840.55,True,0.095,0.3,5,
Zoé,57.17,Assurance Vie – euros,667.0,208104.0,280421.23,True,0.025,0.172,8,150000.0
Zoé,25.0,Assurance Vie – euros,291.67,91000.0,122622.98,True,0.025,0.172,8,150000.0
Zoé,50.0,Assurance Vie – euros,583.33,182000.0,245245.96,True,0.025,0.172,8,150000.0
Zoé,75.0,Assurance Vie – euros,875.0,273000.0,367868.93,True,0.025,0.172,8,150000.0
Zoé,100.0,Assurance Vie – euros,1166.67,364000.0,490491.91,True,0.025,0.172,8,150000.0
Zoé,57.17,Assurance Vie – UC Risque faible,667.0,208104.0,319171.52,True,0.035,0.172,8,200000.0
Zoé,25.0,Assurance Vie – UC Risque faible,291.67,91000.0,139567.76,True,0.035,0.172,8,200000.0
Zoé,50.0,Assurance Vie – UC Risque faible,583.33,182000.0,279135.51,True,0.035,0.172,8,200000.0
Zoé,75.0,Assurance Vie – UC Risque faible,875.0,273000.0,418703.27,True,0.035,0.172,8,200000.0
Zoé,100.0,Assurance Vie – UC Risque faible,1166.67,364000.0,558271.03,True,0.035,0.172,8,200000.0
Zoé,57.17,Assurance Vie – UC Risque modéré,667.0,208104.0,365246.34,True,0.045,0.172,8,200000.0
Zoé,25.0,Assurance Vie – UC Risque modéré,291.67,91000.0,159715.42,True,0.045,0.172,8,200000.0
Zoé,50.0,Assurance Vie – UC Risque modéré,583.33,182000.0,319430.83,True,0.045,0.172,8,200000.0
Zoé,75.0,Assurance Vie – UC Risque modéré,875.0,273000.0,479146.25,True,0.045,0.172,8,200000.0
Zoé,100.0,Assurance Vie – UC Risque modéré,1166.67,364000.0,638861.66,True,0.045,0.172,8,200000.0
Zoé,57.17,PEA – profil prudent,667.0,208104.0,365246.34,True,0.045,0.172,5,150000.0
Zoé,25.0,PEA – profil prudent,291.67,91000.0,159715.42,True,0.045,0.172,5,150000.0
Zoé,50.0,PEA – profil prudent,583.33,182000.0,319430.83,True,0.045,0.172,5,150000.0
Zoé,75.0,PEA – profil prudent,875.0,273000.0,479146.25,True,0.045,0.172,5,150000.0
Zoé,100.0,PEA – profil prudent,1166.67,364000.0,638861.66,True,0.045,0.172,5,150000.0
Zoé,57.17,PEA – profil équilibré,667.0,208104.0,451364.56,True,0.06,0.172,5,150000.0
Zoé,25.0,PEA – profil équilibré,291.67,91000.0,197373.31,True,0.06,0.172,5,150000.0
Zoé,50.0,PEA – profil équilibré,583.33,182000.0,394746.62,True,0.06,0.172,5,150000.0
Zoé,75.0,PEA – profil équilibré,875.0,273000.0,592119.93,True,0.06,0.172,5,150000.0
Zoé,100.0,PEA – profil équilibré,1166.67,364000.0,789493.24,True,0.06,0.172,5,150000.0
Zoé,57.17,PEA – profil dynamique,667.0,208104.0,608067.37,True,0.08,0.172,5,150000.0
Zoé,25.0,PEA – profil dynamique,291.67,91000.0,265896.53,True,0.08,0.172,5,150000.0
Zoé,50.0,PEA – profil dynamique,583.33,182000.0,531793.05,True,0.08,0.172,5,150000.0
Zoé,75.0,PEA – profil dynamique,875.0,273000.0,797689.58,True,0.08,0.172,5,150000.0
Zoé,100.0,PEA – profil dynamique,1166.67,364000.0,1063586.11,True,0.08,0.172,5,150000.0
Zoé,57.17,SCPI Iroko Zen,667.0,208104.0,480793.55,True,0.071,0.3,5,
Zoé,25.0,SCPI Iroko Zen,291.67,91000.0,210242.06,True,0.071,0.3,5,
Zoé,50.0,SCPI Iroko Zen,583.33,182000.0,420484.11,True,0.071,0.3,5,
Zoé,75.0,SCPI Iroko Zen,875.0,273000.0,630726.17,True,0.071,0.3,5,
Zoé,100.0,SCPI Iroko Zen,1166.67,364000.0,840968.22,True,0.071,0.3,5,
Zoé,57.17,SCPI Sofidynamic,667.0,208104.0,681547.08,True,0.095,0.3,5,
Zoé,25.0,SCPI Sofidynamic,291.67,91000.0,298027.83,True,0.095,0.3,5,
Zoé,50.0,SCPI Sofidynamic,583.33,182000.0,596055.66,True,0.095,0.3,5,
Zoé,75.0,SCPI Sofidynamic,875.0,273000.0,894083.49,True,0.095,0.3,5,
Zoé,100.0,SCPI Sofidynamic,1166.67,364000.0,1192111.33,True,0.095,0.3,5,
Abdel,58.15,Assurance Vie – UC Risque faible,1066.0,127920.0,150607.5,False,0.035,0.172,8,200000.0
Abdel,25.0,Assurance Vie – UC Risque faible,458.33,55000.0,64754.63,False,0.035,0.172,8,200000.0
Abdel,50.0,Assurance Vie – UC Risque faible,916.67,110000.0,129509.26,False,0.035,0.172,8,200000.0
Abdel,75.0,Assurance Vie – UC Risque faible,1375.0,165000.0,194263.89,True,0.035,0.172,8,200000.0
Abdel,100.0,Assurance Vie – UC Risque faible,1833.33,220000.0,259018.52,True,0.035,0.172,8,200000.0
Abdel,58.15,Assurance Vie – UC Risque modéré,1066.0,127920.0,158013.13,False,0.045,0.172,8,200000.0
Abdel,25.0,Assurance Vie – UC Risque modéré,458.33,55000.0,67938.73,False,0.045,0.172,8,200000.0
Abdel,50.0,Assurance Vie – UC Risque modéré,916.67,110000.0,135877.46,False,0.045,0.172,8,200000.0
Abdel,75.0,Assurance Vie – UC Risque modéré,1375.0,165000.0,203816.18,True,0.045,0.172,8,200000.0
Abdel,100.0,Assurance Vie – UC Risque modéré,1833.33,220000.0,271754.91,True,0.045,0.172,8,200000.0
Abdel,58.15,SCPI Iroko Zen,1066.0,127920.0,171505.48,False,0.071,0.3,5,
Abdel,25.0,SCPI Iroko Zen,458.33,55000.0,73739.85,False,0.071,0.3,5,
Abdel,50.0,SCPI Iroko Zen,916.67,110000.0,147479.7,False,0.071,0.3,5,
Abdel,75.0,SCPI Iroko Zen,1375.0,165000.0,221219.55,True,0.071,0.3,5,
Abdel,100.0,SCPI Iroko Zen,1833.33,220000.0,294959.4,True,0.071,0.3,5,
Abdel,58.15,SCPI Sofidynamic,1066.0,127920.0,190945.71,True,0.095,0.3,5,
Abdel,25.0,SCPI Sofidynamic,458.33,55000.0,82098.3,False,0.095,0.3,5,
Abdel,50.0,SCPI Sofidynamic,916.67,110000.0,164196.59,False,0.095,0.3,5,
Abdel,75.0,SCPI Sofidynamic,1375.0,165000.0,246294.89,True,0.095,0.3,5,
Abdel,100.0,SCPI Sofidynamic,1833.33,220000.0,328393.18,True,0.095,0.3,5,
Brigitte,55.16,Assurance Vie – UC Risque faible,570.0,273600.0,542671.22,True,0.035,0.172,8,200000.0
Brigitte,25.0,Assurance Vie – UC Risque faible,258.33,124000.0,245947.48,True,0.035,0.172,8,200000.0
Brigitte,50.0,Assurance Vie – UC Risque faible,516.67,248000.0,491894.96,True,0.035,0.172,8,200000.0
Brigitte,75.0,Assurance Vie – UC Risque faible,775.0,372000.0,737842.44,True,0.035,0.172,8,200000.0
Brigitte,100.0,Assurance Vie – UC Risque faible,1033.33,496000.0,983789.92,True,0.035,0.172,8,200000.0
Brigitte,55.16,Assurance Vie – UC Risque modéré,570.0,273600.0,680505.15,True,0.045,0.172,8,200000.0
Brigitte,25.0,Assurance Vie – UC Risque modéré,258.33,124000.0,308416.08,True,0.045,0.172,8,200000.0
Brigitte,50.0,Assurance Vie – UC Risque modéré,516.67,248000.0,616832.16,True,0.045,0.172,8,200000.0
Brigitte,75.0,Assurance Vie – UC Risque modéré,775.0,372000.0,925248.23,True,0.045,0.172,8,200000.0
Brigitte,100.0,Assurance Vie – UC Risque modéré,1033.33,496000.0,1233664.31,True,0.045,0.172,8,200000.0
Brigitte,55.16,SCPI Iroko Zen,570.0,273600.0,1132556.35,True,0.071,0.3,5,
Brigitte,25.0,SCPI Iroko Zen,258.33,124000.0,513293.08,True,0.071,0.3,5,
Brigitte,50.0,SCPI Iroko Zen,516.67,248000.0,1026586.16,True,0.071,0.3,5,
Brigitte,75.0,SCPI Iroko Zen,775.0,372000.0,1539879.25,True,0.071,0.3,5,
Brigitte,100.0,SCPI Iroko Zen,1033.33,496000.0,2053172.33,True,0.071,0.3,5,
Brigitte,55.16,SCPI Sofidynamic,570.0,273600.0,2108550.21,True,0.095,0.3,5,
Brigitte,25.0,SCPI Sofidynamic,258.33,124000.0,955629.48,True,0.095,0.3,5,
Brigitte,50.0,SCPI Sofidynamic,516.67,248000.0,1911258.96,True,0.095,0.3,5,
Brigitte,75.0,SCPI Sofidynamic,775.0,372000.0,2866888.44,True,0.095,0.3,5,
Brigitte,100.0,SCPI Sofidynamic,1033.33,496000.0,3822517.92,True,0.095,0.3,5,
Cédric,0.0,PEA – profil prudent,23.0,1380.0,1543.83,False,0.045,0.172,5,150000.0
Cédric,0.0,PEA – profil prudent,0.0,-750.0,0.0,False,0.045,0.172,5,150000.0
Cédric,0.0,PEA – profil prudent,0.0,-1500.0,0.0,False,0.045,0.172,5,150000.0
Cédric,0.0,PEA – profil prudent,0.0,-2250.0,0.0,False,0.045,0.172,5,150000.0
Cédric,0.0,PEA – profil prudent,0.0,-3000.0,0.0,False,0.045,0.172,5,150000.0
Cédric,0.0,PEA – profil équilibré,23.0,1380.0,1602.89,False,0.06,0.172,5,150000.0
Cédric,0.0,PEA – profil équilibré,0.0,-750.0,0.0,False,0.06,0.172,5,150000.0
Cédric,0.0,PEA – profil équilibré,0.0,-1500.0,0.0,False,0.06,0.172,5,150000.0
Cédric,0.0,PEA – profil équilibré,0.0,-2250.0,0.0,False,0.06,0.172,5,150000.0
Cédric,0.0,PEA – profil équilibré,0.0,-3000.0,0.0,False,0.06,0.172,5,150000.0
Cédric,0.0,PEA – profil dynamique,23.0,1380.0,1685.3,False,0.08,0.172,5,150000.0
Cédric,0.0,PEA – profil dynamique,0.0,-750.0,0.0,False,0.08,0.172,5,150000.0
Cédric,0.0,PEA – profil dynamique,0.0,-1500.0,0.0,False,0.08,0.172,5,150000.0
Cédric,0.0,PEA – profil dynamique,0.0,-2250.0,0.0,False,0.08,0.172,5,150000.0
Cédric,0.0,PEA – profil dynamique,0.0,-3000.0,0.0,False,0.08,0.172,5,150000.0
Cédric,0.0,SCPI Iroko Zen,23.0,1380.0,1606.3,False,0.071,0.3,5,
Cédric,0.0,SCPI Iroko Zen,0.0,-750.0,0.0,False,0.071,0.3,5,
Cédric,0.0,SCPI Iroko Zen,0.0,-1500.0,0.0,False,0.071,0.3,5,
Cédric,0.0,SCPI Iroko Zen,0.0,-2250.0,0.0,False,0.071,0.3,5,
Cédric,0.0,SCPI Iroko Zen,0.0,-3000.0,0.0,False,0.071,0.3,5,
Cédric,0.0,SCPI Sofidynamic,23.0,1380.0,1692.76,False,0.095,0.3,5,
Cédric,0.0,SCPI Sofidynamic,0.0,-750.0,0.0,False,0.095,0.3,5,
Cédric,0.0,SCPI Sofidynamic,0.0,-1500.0,0.0,False,0.095,0.3,5,
Cédric,0.0,SCPI Sofidynamic,0.0,-2250.0,0.0,False,0.095,0.3,5,
Cédric,0.0,SCPI Sofidynamic,0.0,-3000.0,0.0,False,0.095,0.3,5,
Diane,43.6,Assurance Vie – euros,327.0,141264.0,215128.23,True,0.025,0.172,8,150000.0
Diane,25.0,Assurance Vie – euros,187.5,81000.0,123353.35,True,0.025,0.172,8,150000.0
Diane,50.0,Assurance Vie – euros,375.0,162000.0,246706.69,True,0.025,0.172,8,150000.0
Diane,75.0,Assurance Vie – euros,562.5,243000.0,370060.04,True,0.025,0.172,8,150000.0
Diane,100.0,Assurance Vie – euros,750.0,324000.0,493413.38,True,0.025,0.172,8,150000.0
Diane,43.6,Assurance Vie – UC Risque faible,327.0,141264.0,259718.24,True,0.035,0.172,8,200000.0
Diane,25.0,Assurance Vie – UC Risque faible,187.5,81000.0,148921.01,True,0.035,0.172,8,200000.0
Diane,50.0,Assurance Vie – UC Risque faible,375.0,162000.0,297842.02,True,0.035,0.172,8,200000.0
Diane,75.0,Assurance Vie – UC Risque faible,562.5,243000.0,446763.03,True,0.035,0.172,8,200000.0
Diane,100.0,Assurance Vie – UC Risque faible,750.0,324000.0,595684.04,True,0.035,0.172,8,200000.0
Diane,43.6,Assurance Vie – UC Risque modéré,327.0,141264.0,316848.22,True,0.045,0.172,8,200000.0
Diane,25.0,Assurance Vie – UC Risque modéré,187.5,81000.0,181679.02,True,0.045,0.172,8,200000.0
Diane,50.0,Assurance Vie – UC Risque modéré,375.0,162000.0,363358.05,True,0.045,0.172,8,200000.0
Diane,75.0,Assurance Vie – UC Risque modéré,562.5,243000.0,545037.07,True,0.045,0.172,8,200000.0
Diane,100.0,Assurance Vie – UC Risque modéré,750.0,324000.0,726716.1,True,0.045,0.172,8,200000.0
Diane,43.6,PEA – profil prudent,327.0,141264.0,316848.22,True,0.045,0.172,5,150000.0
Diane,25.0,PEA – profil prudent,187.5,81000.0,181679.02,True,0.045,0.172,5,150000.0
Diane,50.0,PEA – profil prudent,375.0,162000.0,363358.05,True,0.045,0.172,5,150000.0
Diane,75.0,PEA – profil prudent,562.5,243000.0,545037.07,True,0.045,0.172,5,150000.0
Diane,100.0,PEA – profil prudent,750.0,324000.0,726716.1,True,0.045,0.172,5,150000.0
Diane,43.6,PEA – profil équilibré,327.0,141264.0,434551.62,True,0.06,0.172,5,150000.0
Diane,25.0,PEA – profil équilibré,187.5,81000.0,249169.51,True,0.06,0.172,5,150000.0
Diane,50.0,PEA – profil équilibré,375.0,162000.0,498339.01,True,0.06,0.172,5,150000.0
Diane,75.0,PEA – profil équilibré,562.5,243000.0,747508.52,True,0.06,0.172,5,150000.0
Diane,100.0,PEA – profil équilibré,750.0,324000.0,996678.02,True,0.06,0.172,5,150000.0
Diane,43.6,PEA – profil dynamique,327.0,141264.0,680838.43,True,0.08,0.172,5,150000.0
Diane,25.0,PEA – profil dynamique,187.5,81000.0,390389.01,True,0.08,0.172,5,150000.0
Diane,50.0,PEA – profil dynamique,375.0,162000.0,780778.01,True,0.08,0.172,5,150000.0
Diane,75.0,PEA – profil dynamique,562.5,243000.0,1171167.02,True,0.08,0.172,5,150000.0
Diane,100.0,PEA – profil dynamique,750.0,324000.0,1561556.02,True,0.08,0.172,5,150000.0
Diane,43.6,SCPI Iroko Zen,327.0,141264.0,490474.85,True,0.071,0.3,5,
Diane,25.0,SCPI Iroko Zen,187.5,81000.0,281235.58,True,0.071,0.3,5,
Diane,50.0,SCPI Iroko Zen,375.0,162000.0,562471.16,True,0.071,0.3,5,
Diane,75.0,SCPI Iroko Zen,562.5,243000.0,843706.74,True,0.071,0.3,5,
Diane,100.0,SCPI Iroko Zen,750.0,324000.0,1124942.31,True,0.071,0.3,5,
Diane,43.6,SCPI Sofidynamic,327.0,141264.0,841383.58,True,0.095,0.3,5,
Diane,25.0,SCPI Sofidynamic,187.5,81000.0,482444.72,True,0.095,0.3,5,
Diane,50.0,SCPI Sofidynamic,375.0,162000.0,964889.43,True,0.095,0.3,5,
Diane,75.0,SCPI Sofidynamic,562.5,243000.0,1447334.15,True,0.095,0.3,5,
Diane,100.0,SCPI Sofidynamic,750.0,324000.0,1929778.86,True,0.095,0.3,5,
